2, 10, 8, 9, 8, 8, 0
3, 10, 8, 8, 8, 7, 0
4, 10, 7, 7, 4, 5, 0
5, 10, 6, 6, 6, 7, 1
6, 10, 7, 7, 6, 7, 2
7, 10, 8, 4, 2, 7, 5
8, 10, 9, 8, 9, 8, 15
2, 50, 28, 28, 17, 28, 0
3, 50, 47, 47, 34, 46, 0
4, 50, 41, 41, 22, 42, 0
5, 50, 42, 42, 15, 43, 1
6, 50, 43, 48, 32, 48, 3
7, 50, 31, 37, 29, 32, 7
8, 50, 42, 44, 24, 40, 20
2, 100, 94, 79, 94, 86, 0
3, 100, 89, 89, 71, 90, 0
4, 100, 85, 88, 61, 83, 0
5, 100, 75, 76, 62, 59, 1
6, 100, 94, 97, 40, 94, 3
7, 100, 84, 84, 60, 83, 8
8, 100, 75, 86, 49, 80, 26
2, 500, 375, 375, 252, 329, 0
3, 500, 318, 355, 251, 308, 0
4, 500, 335, 396, 335, 356, 0
5, 500, 386, 419, 386, 402, 2
6, 500, 410, 430, 367, 397, 6
7, 500, 463, 500, 463, 500, 20
8, 500, 391, 427, 327, 392, 80
2, 10, 8, 8, 8, 10, 0
3, 10, 6, 7, 6, 8, 0
4, 10, 7, 7, 6, 5, 0
5, 10, 7, 7, 6, 6, 0
6, 10, 7, 8, 5, 7, 2
7, 10, 5, 6, 5, 6, 6
8, 10, 7, 8, 9, 8, 17
2, 50, 34, 34, 26, 25, 0
3, 50, 39, 41, 39, 38, 0
4, 50, 42, 40, 42, 40, 0
5, 50, 36, 34, 36, 38, 1
6, 50, 50, 50, 50, 50, 2
7, 50, 39, 47, 22, 47, 6
8, 50, 36, 29, 32, 39, 20
2, 100, 100, 100, 0, 100, 0
3, 100, 92, 92, 92, 91, 0
4, 100, 58, 83, 58, 71, 0
5, 100, 78, 82, 50, 78, 1
6, 100, 81, 87, 58, 78, 3
7, 100, 82, 81, 82, 84, 7
8, 100, 77, 95, 42, 91, 26
2, 500, 460, 460, 460, 450, 0
3, 500, 453, 470, 453, 467, 0
4, 500, 374, 374, 313, 320, 0
5, 500, 329, 396, 329, 357, 2
6, 500, 387, 397, 341, 365, 6
7, 500, 387, 423, 387, 407, 21
8, 500, 424, 460, 424, 448, 76
2, 10, 8, 6, 8, 6, 0
3, 10, 7, 6, 7, 9, 0
4, 10, 9, 9, 9, 9, 0
5, 10, 10, 10, 5, 10, 1
6, 10, 6, 6, 6, 8, 2
7, 10, 5, 8, 4, 8, 5
8, 10, 7, 9, 6, 9, 15
2, 50, 45, 50, 45, 50, 0
3, 50, 44, 44, 44, 43, 0
4, 50, 41, 44, 41, 37, 0
5, 50, 34, 35, 30, 35, 1
6, 50, 38, 45, 31, 45, 2
7, 50, 36, 43, 27, 36, 7
8, 50, 35, 36, 27, 37, 20
2, 100, 66, 71, 66, 58, 0
3, 100, 79, 79, 54, 70, 0
4, 100, 90, 90, 90, 95, 0
5, 100, 74, 74, 74, 59, 1
6, 100, 78, 87, 78, 85, 4
7, 100, 83, 85, 83, 84, 8
8, 100, 84, 92, 84, 89, 26
2, 500, 305, 367, 305, 319, 0
3, 500, 366, 455, 366, 439, 0
4, 500, 323, 396, 323, 361, 0
5, 500, 340, 373, 222, 320, 2
6, 500, 353, 386, 305, 351, 6
7, 500, 385, 425, 280, 410, 25
8, 500, 365, 406, 299, 376, 80
2, 10, 5, 5, 5, 4, 0
3, 10, 9, 9, 8, 5, 0
4, 10, 7, 7, 7, 7, 0
5, 10, 10, 10, 10, 10, 0
6, 10, 7, 7, 6, 7, 2
7, 10, 7, 6, 5, 7, 5
8, 10, 9, 9, 7, 8, 16
2, 50, 28, 28, 24, 24, 0
3, 50, 39, 43, 39, 38, 0
4, 50, 45, 46, 32, 42, 0
5, 50, 37, 37, 29, 27, 1
6, 50, 32, 37, 15, 39, 2
7, 50, 42, 43, 38, 40, 6
8, 50, 39, 42, 24, 38, 21
2, 100, 100, 100, 100, 100, 0
3, 100, 91, 91, 91, 81, 0
4, 100, 89, 89, 11, 81, 0
5, 100, 76, 80, 27, 58, 1
6, 100, 78, 79, 54, 69, 3
7, 100, 75, 76, 61, 74, 8
8, 100, 76, 86, 70, 78, 26
2, 500, 273, 310, 224, 283, 0
3, 500, 472, 472, 472, 459, 0
4, 500, 326, 358, 248, 306, 0
5, 500, 437, 467, 325, 462, 2
6, 500, 381, 437, 381, 410, 6
7, 500, 437, 460, 374, 449, 20
8, 500, 325, 358, 280, 328, 82
2, 10, 10, 10, 0, 10, 0
3, 10, 7, 8, 7, 7, 0
4, 10, 7, 7, 7, 9, 0
5, 10, 10, 10, 1, 10, 0
6, 10, 6, 7, 6, 7, 2
7, 10, 9, 9, 5, 8, 5
8, 10, 9, 9, 8, 8, 16
2, 50, 46, 46, 46, 45, 0
3, 50, 35, 38, 35, 35, 0
4, 50, 43, 43, 27, 39, 0
5, 50, 33, 38, 26, 33, 1
6, 50, 44, 44, 47, 40, 2
7, 50, 38, 46, 38, 49, 7
8, 50, 41, 44, 24, 44, 20
2, 100, 79, 79, 50, 65, 0
3, 100, 89, 95, 89, 91, 0
4, 100, 69, 80, 69, 78, 0
5, 100, 59, 75, 36, 71, 1
6, 100, 69, 71, 65, 72, 3
7, 100, 62, 79, 55, 67, 9
8, 100, 81, 81, 74, 83, 25
2, 500, 368, 368, 132, 335, 0
3, 500, 394, 444, 307, 428, 0
4, 500, 365, 455, 240, 446, 0
5, 500, 410, 454, 231, 439, 2
6, 500, 355, 384, 324, 342, 6
7, 500, 326, 362, 209, 306, 26
8, 500, 366, 422, 296, 391, 81
2, 10, 8, 8, 8, 8, 0
3, 10, 6, 7, 4, 7, 0
4, 10, 8, 9, 1, 5, 0
5, 10, 7, 3, 4, 8, 0
6, 10, 6, 6, 4, 7, 2
7, 10, 7, 7, 6, 8, 5
8, 10, 5, 5, 6, 8, 15
2, 50, 25, 32, 18, 33, 0
3, 50, 41, 43, 31, 40, 0
4, 50, 45, 45, 40, 43, 0
5, 50, 46, 45, 46, 43, 1
6, 50, 41, 39, 39, 39, 3
7, 50, 41, 41, 34, 43, 6
8, 50, 46, 41, 40, 36, 21
2, 100, 82, 93, 82, 92, 0
3, 100, 69, 88, 69, 81, 0
4, 100, 70, 70, 45, 66, 0
5, 100, 59, 67, 59, 55, 1
6, 100, 71, 82, 71, 79, 3
7, 100, 77, 88, 54, 85, 8
8, 100, 88, 90, 49, 83, 25
2, 500, 407, 500, 407, 500, 0
3, 500, 328, 351, 166, 298, 1
4, 500, 324, 356, 324, 296, 1
5, 500, 340, 379, 179, 322, 2
6, 500, 353, 392, 264, 364, 6
7, 500, 365, 392, 270, 375, 25
8, 500, 374, 411, 298, 369, 78
2, 10, 6, 6, 6, 3, 0
3, 10, 10, 10, 5, 9, 0
4, 10, 6, 6, 4, 10, 0
5, 10, 10, 9, 9, 9, 1
6, 10, 6, 6, 4, 10, 2
7, 10, 8, 9, 7, 7, 5
8, 10, 5, 4, 3, 7, 15
2, 50, 28, 38, 12, 33, 0
3, 50, 31, 35, 14, 29, 0
4, 50, 42, 41, 38, 41, 0
5, 50, 36, 37, 33, 26, 1
6, 50, 31, 39, 30, 39, 2
7, 50, 46, 46, 43, 47, 7
8, 50, 34, 45, 34, 43, 20
2, 100, 93, 93, 93, 93, 0
3, 100, 89, 89, 89, 85, 0
4, 100, 84, 85, 70, 80, 0
5, 100, 95, 95, 80, 91, 1
6, 100, 89, 100, 63, 100, 2
7, 100, 62, 74, 56, 63, 8
8, 100, 89, 92, 71, 89, 26
2, 500, 500, 500, 0, 500, 0
3, 500, 412, 500, 412, 500, 0
4, 500, 348, 393, 348, 350, 0
5, 500, 400, 430, 220, 391, 2
6, 500, 312, 364, 312, 321, 6
7, 500, 387, 465, 349, 447, 24
8, 500, 393, 437, 284, 425, 79
2, 10, 7, 6, 7, 7, 0
3, 10, 7, 7, 7, 6, 0
4, 10, 8, 8, 4, 3, 0
5, 10, 6, 6, 4, 7, 0
6, 10, 10, 10, 6, 10, 2
7, 10, 9, 8, 9, 8, 5
8, 10, 7, 8, 8, 9, 16
2, 50, 40, 50, 40, 50, 0
3, 50, 36, 43, 36, 42, 0
4, 50, 30, 33, 18, 30, 0
5, 50, 44, 45, 31, 45, 1
6, 50, 44, 45, 32, 37, 2
7, 50, 36, 35, 21, 30, 6
8, 50, 44, 44, 41, 42, 21
2, 100, 54, 54, 40, 46, 0
3, 100, 79, 100, 79, 100, 0
4, 100, 73, 84, 64, 77, 0
5, 100, 78, 89, 50, 83, 1
6, 100, 80, 82, 30, 70, 3
7, 100, 83, 90, 57, 84, 8
8, 100, 74, 74, 74, 76, 26
2, 500, 365, 365, 135, 317, 0
3, 500, 305, 305, 234, 254, 0
4, 500, 344, 368, 279, 325, 0
5, 500, 414, 467, 414, 455, 2
6, 500, 347, 371, 230, 326, 6
7, 500, 393, 400, 106, 380, 21
8, 500, 433, 444, 228, 420, 78
2, 10, 8, 10, 8, 10, 0
3, 10, 10, 10, 10, 10, 0
4, 10, 6, 6, 6, 9, 0
5, 10, 6, 6, 8, 6, 0
6, 10, 9, 9, 5, 9, 2
7, 10, 8, 8, 8, 8, 5
8, 10, 7, 9, 6, 10, 16
2, 50, 45, 45, 45, 46, 0
3, 50, 36, 46, 36, 42, 0
4, 50, 43, 40, 41, 36, 0
5, 50, 45, 48, 26, 42, 1
6, 50, 35, 40, 23, 39, 3
7, 50, 32, 33, 28, 28, 6
8, 50, 35, 36, 30, 41, 20
2, 100, 82, 94, 82, 90, 0
3, 100, 78, 78, 78, 76, 0
4, 100, 58, 60, 58, 66, 0
5, 100, 82, 87, 82, 82, 1
6, 100, 62, 71, 37, 59, 3
7, 100, 63, 80, 49, 73, 8
8, 100, 83, 81, 38, 80, 26
2, 500, 381, 500, 381, 500, 0
3, 500, 380, 436, 311, 416, 0
4, 500, 365, 378, 286, 333, 0
5, 500, 435, 450, 435, 446, 2
6, 500, 365, 410, 266, 370, 6
7, 500, 413, 454, 196, 419, 21
8, 500, 312, 358, 267, 329, 84
2, 10, 8, 8, 8, 9, 0
3, 10, 7, 7, 7, 3, 0
4, 10, 8, 8, 6, 9, 0
5, 10, 8, 8, 8, 6, 0
6, 10, 9, 9, 8, 9, 2
7, 10, 8, 10, 10, 10, 6
8, 10, 7, 8, 8, 10, 17
2, 50, 37, 50, 37, 50, 0
3, 50, 24, 24, 15, 29, 0
4, 50, 45, 46, 45, 42, 0
5, 50, 34, 38, 28, 36, 1
6, 50, 30, 33, 30, 34, 2
7, 50, 39, 46, 33, 44, 7
8, 50, 39, 37, 28, 35, 19
2, 100, 100, 100, 0, 100, 0
3, 100, 65, 70, 53, 66, 0
4, 100, 66, 87, 60, 83, 0
5, 100, 85, 86, 60, 81, 1
6, 100, 92, 92, 18, 87, 2
7, 100, 85, 90, 78, 79, 9
8, 100, 82, 76, 63, 78, 26
2, 500, 378, 500, 378, 500, 0
3, 500, 383, 418, 383, 390, 0
4, 500, 307, 362, 216, 327, 0
5, 500, 419, 432, 419, 413, 2
6, 500, 395, 408, 184, 378, 6
7, 500, 401, 438, 323, 409, 21
8, 500, 338, 387, 275, 378, 79
2, 10, 8, 10, 8, 10, 0
3, 10, 10, 10, 10, 10, 0
4, 10, 10, 10, 7, 9, 0
5, 10, 4, 6, 3, 10, 0
6, 10, 10, 8, 10, 8, 2
7, 10, 5, 5, 9, 8, 5
8, 10, 7, 7, 5, 5, 16
2, 50, 27, 39, 27, 29, 0
3, 50, 39, 39, 36, 39, 0
4, 50, 39, 39, 30, 42, 0
5, 50, 46, 44, 21, 44, 1
6, 50, 28, 35, 9, 34, 2
7, 50, 40, 42, 31, 37, 7
8, 50, 43, 47, 38, 46, 22
2, 100, 100, 100, 0, 100, 0
3, 100, 85, 85, 85, 86, 0
4, 100, 79, 83, 79, 75, 0
5, 100, 84, 83, 84, 82, 1
6, 100, 72, 82, 72, 75, 2
7, 100, 77, 91, 52, 87, 8
8, 100, 94, 96, 76, 95, 26
2, 500, 406, 406, 406, 361, 0
3, 500, 313, 354, 150, 314, 0
4, 500, 348, 385, 275, 334, 0
5, 500, 344, 364, 290, 319, 2
6, 500, 391, 415, 353, 401, 5
7, 500, 333, 375, 275, 357, 24
8, 500, 369, 443, 266, 411, 87
2, 10, 9, 9, 9, 10, 0
3, 10, 4, 4, 6, 7, 0
4, 10, 6, 9, 7, 7, 0
5, 10, 6, 9, 4, 7, 1
6, 10, 6, 7, 7, 7, 2
7, 10, 9, 9, 2, 10, 6
8, 10, 6, 6, 6, 7, 18
2, 50, 32, 32, 17, 21, 0
3, 50, 40, 42, 8, 41, 0
4, 50, 33, 38, 33, 43, 0
5, 50, 40, 50, 26, 50, 1
6, 50, 26, 38, 26, 35, 3
7, 50, 29, 32, 19, 36, 7
8, 50, 36, 43, 29, 41, 21
2, 100, 84, 97, 84, 93, 0
3, 100, 81, 100, 81, 100, 0
4, 100, 73, 76, 73, 74, 0
5, 100, 82, 85, 58, 69, 1
6, 100, 73, 76, 58, 76, 3
7, 100, 69, 80, 47, 73, 8
8, 100, 60, 70, 19, 64, 36
2, 500, 313, 313, 197, 272, 0
3, 500, 334, 363, 334, 301, 0
4, 500, 367, 468, 367, 444, 1
5, 500, 371, 387, 208, 344, 3
6, 500, 336, 382, 224, 338, 8
7, 500, 414, 444, 376, 430, 29
8, 500, 408, 430, 224, 399, 99
2, 10, 4, 4, 4, 5, 0
3, 10, 10, 10, 10, 10, 0
4, 10, 10, 10, 6, 10, 0
5, 10, 8, 7, 8, 8, 1
6, 10, 6, 6, 3, 7, 2
7, 10, 8, 7, 7, 9, 6
8, 10, 2, 4, 7, 8, 17
2, 50, 50, 50, 0, 50, 0
3, 50, 40, 40, 21, 42, 0
4, 50, 32, 35, 22, 26, 0
5, 50, 44, 44, 44, 44, 1
6, 50, 38, 42, 31, 47, 2
7, 50, 33, 36, 25, 36, 8
8, 50, 39, 38, 39, 39, 22
2, 100, 75, 75, 55, 70, 0
3, 100, 82, 100, 54, 100, 0
4, 100, 72, 77, 44, 69, 0
5, 100, 78, 93, 78, 91, 1
6, 100, 73, 96, 62, 87, 3
7, 100, 83, 86, 72, 65, 9
8, 100, 75, 77, 69, 71, 36
2, 500, 414, 414, 414, 349, 0
3, 500, 422, 422, 78, 387, 0
4, 500, 442, 442, 58, 426, 1
5, 500, 431, 443, 431, 415, 2
6, 500, 382, 417, 292, 395, 6
7, 500, 412, 463, 329, 451, 22
8, 500, 418, 500, 384, 500, 82
2, 10, 8, 10, 8, 10, 0
3, 10, 7, 7, 7, 8, 0
4, 10, 10, 10, 10, 10, 0
5, 10, 7, 10, 6, 9, 0
6, 10, 5, 5, 5, 8, 2
7, 10, 8, 9, 9, 7, 10
8, 10, 10, 7, 8, 7, 19
2, 50, 33, 34, 33, 30, 0
3, 50, 39, 46, 39, 42, 0
4, 50, 37, 40, 35, 35, 1
5, 50, 35, 41, 26, 41, 1
6, 50, 33, 35, 30, 39, 2
7, 50, 38, 36, 30, 39, 8
8, 50, 40, 41, 35, 42, 24
2, 100, 91, 91, 91, 88, 0
3, 100, 96, 96, 96, 95, 0
4, 100, 58, 63, 60, 58, 0
5, 100, 76, 82, 69, 79, 1
6, 100, 83, 81, 49, 71, 3
7, 100, 80, 90, 56, 84, 10
8, 100, 72, 85, 43, 80, 27
2, 500, 454, 454, 454, 438, 0
3, 500, 472, 472, 472, 465, 0
4, 500, 365, 375, 263, 330, 1
5, 500, 396, 426, 303, 400, 2
6, 500, 425, 472, 292, 459, 6
7, 500, 435, 445, 365, 431, 21
8, 500, 393, 406, 277, 380, 86
2, 10, 10, 10, 8, 10, 0
3, 10, 6, 6, 6, 10, 0
4, 10, 10, 10, 9, 10, 0
5, 10, 8, 10, 8, 7, 1
6, 10, 8, 8, 3, 7, 2
7, 10, 8, 8, 4, 8, 5
8, 10, 6, 8, 5, 9, 16
2, 50, 50, 50, 50, 50, 0
3, 50, 26, 47, 26, 41, 0
4, 50, 42, 50, 23, 50, 0
5, 50, 40, 35, 26, 31, 1
6, 50, 31, 35, 30, 34, 2
7, 50, 34, 40, 33, 42, 6
8, 50, 33, 37, 22, 36, 22
2, 100, 84, 91, 84, 87, 0
3, 100, 84, 100, 49, 100, 0
4, 100, 75, 83, 17, 78, 0
5, 100, 91, 93, 91, 90, 1
6, 100, 80, 86, 56, 75, 3
7, 100, 74, 78, 66, 84, 9
8, 100, 78, 81, 78, 86, 32
2, 500, 500, 500, 0, 500, 0
3, 500, 397, 430, 397, 393, 0
4, 500, 416, 444, 256, 428, 0
5, 500, 381, 409, 154, 381, 3
6, 500, 410, 431, 372, 400, 7
7, 500, 355, 406, 266, 374, 25
8, 500, 383, 429, 285, 413, 90
2, 10, 9, 8, 9, 4, 0
3, 10, 4, 9, 5, 6, 0
4, 10, 10, 10, 8, 5, 0
5, 10, 3, 3, 3, 7, 0
6, 10, 8, 6, 3, 8, 4
7, 10, 8, 8, 8, 8, 6
8, 10, 7, 7, 4, 9, 16
2, 50, 42, 42, 42, 41, 0
3, 50, 39, 45, 39, 43, 0
4, 50, 37, 41, 31, 36, 0
5, 50, 37, 38, 32, 37, 1
6, 50, 43, 44, 31, 41, 2
7, 50, 31, 36, 24, 35, 7
8, 50, 38, 37, 29, 35, 22
2, 100, 59, 76, 24, 65, 0
3, 100, 81, 81, 38, 77, 0
4, 100, 73, 77, 73, 79, 0
5, 100, 66, 69, 54, 72, 1
6, 100, 83, 86, 71, 87, 4
7, 100, 65, 78, 52, 68, 12
8, 100, 72, 79, 45, 80, 31
2, 500, 461, 461, 461, 450, 0
3, 500, 430, 430, 430, 415, 0
4, 500, 351, 371, 134, 340, 0
5, 500, 356, 397, 313, 371, 3
6, 500, 394, 451, 319, 429, 7
7, 500, 348, 380, 248, 341, 22
8, 500, 371, 407, 371, 374, 85
2, 10, 10, 10, 10, 10, 0
3, 10, 9, 9, 7, 9, 0
4, 10, 7, 7, 7, 7, 0
5, 10, 9, 9, 8, 8, 1
6, 10, 5, 5, 5, 9, 2
7, 10, 6, 6, 6, 8, 7
8, 10, 8, 9, 7, 10, 20
2, 50, 32, 50, 32, 50, 0
3, 50, 50, 50, 50, 50, 0
4, 50, 42, 40, 42, 37, 0
5, 50, 40, 44, 33, 37, 1
6, 50, 42, 48, 25, 46, 2
7, 50, 46, 48, 28, 45, 7
8, 50, 40, 42, 37, 40, 20
2, 100, 50, 63, 50, 46, 0
3, 100, 55, 66, 46, 56, 1
4, 100, 92, 92, 92, 84, 0
5, 100, 72, 76, 68, 68, 1
6, 100, 75, 75, 27, 68, 2
7, 100, 68, 79, 59, 71, 8
8, 100, 85, 80, 69, 81, 29
2, 500, 421, 464, 421, 457, 0
3, 500, 385, 440, 304, 413, 0
4, 500, 392, 429, 330, 402, 0
5, 500, 332, 380, 267, 365, 2
6, 500, 398, 398, 353, 367, 6
7, 500, 341, 371, 306, 312, 21
8, 500, 413, 465, 326, 452, 83
2, 10, 8, 8, 7, 7, 0
3, 10, 8, 8, 2, 9, 0
4, 10, 9, 9, 5, 7, 0
5, 10, 5, 4, 4, 6, 0
6, 10, 7, 8, 4, 6, 2
7, 10, 7, 7, 6, 8, 6
8, 10, 8, 8, 4, 8, 16
2, 50, 32, 42, 8, 39, 0
3, 50, 27, 45, 27, 44, 0
4, 50, 49, 50, 38, 47, 0
5, 50, 36, 38, 21, 31, 1
6, 50, 47, 46, 44, 46, 3
7, 50, 32, 40, 32, 34, 6
8, 50, 44, 45, 38, 42, 20
2, 100, 88, 88, 88, 96, 0
3, 100, 89, 89, 89, 83, 0
4, 100, 82, 85, 73, 82, 0
5, 100, 66, 75, 53, 62, 1
6, 100, 69, 88, 13, 78, 3
7, 100, 81, 80, 54, 80, 8
8, 100, 71, 85, 51, 80, 25
2, 500, 408, 458, 408, 436, 0
3, 500, 349, 448, 349, 430, 0
4, 500, 288, 318, 288, 284, 0
5, 500, 307, 360, 307, 343, 2
6, 500, 359, 390, 313, 359, 6
7, 500, 425, 461, 425, 454, 21
8, 500, 405, 440, 405, 414, 78
2, 10, 6, 6, 5, 4, 0
3, 10, 8, 8, 2, 8, 0
4, 10, 8, 10, 5, 10, 0
5, 10, 6, 7, 6, 9, 0
6, 10, 9, 9, 10, 9, 2
7, 10, 9, 9, 4, 9, 6
8, 10, 5, 3, 3, 8, 18
2, 50, 41, 46, 41, 45, 0
3, 50, 43, 43, 19, 40, 0
4, 50, 36, 44, 36, 41, 0
5, 50, 33, 41, 33, 32, 1
6, 50, 43, 44, 35, 44, 2
7, 50, 40, 39, 40, 34, 7
8, 50, 39, 38, 29, 33, 21
2, 100, 85, 85, 85, 91, 0
3, 100, 90, 93, 90, 92, 0
4, 100, 72, 72, 33, 68, 0
5, 100, 69, 88, 69, 86, 1
6, 100, 89, 85, 75, 88, 2
7, 100, 77, 77, 44, 68, 8
8, 100, 79, 83, 66, 74, 27
2, 500, 296, 296, 233, 267, 0
3, 500, 394, 394, 316, 336, 0
4, 500, 365, 382, 111, 345, 0
5, 500, 372, 399, 326, 381, 2
6, 500, 399, 435, 346, 399, 6
7, 500, 388, 438, 326, 418, 22
8, 500, 372, 419, 335, 405, 82
2, 10, 8, 8, 8, 3, 0
3, 10, 10, 10, 10, 9, 0
4, 10, 3, 4, 6, 7, 0
5, 10, 9, 9, 10, 10, 0
6, 10, 7, 8, 8, 7, 2
7, 10, 7, 7, 4, 8, 6
8, 10, 7, 7, 7, 7, 18
2, 50, 36, 36, 14, 34, 0
3, 50, 22, 31, 14, 25, 0
4, 50, 46, 44, 40, 45, 0
5, 50, 40, 47, 33, 46, 1
6, 50, 40, 40, 33, 34, 2
7, 50, 36, 38, 29, 35, 6
8, 50, 39, 40, 37, 41, 19
2, 100, 72, 72, 72, 72, 0
3, 100, 83, 100, 53, 100, 0
4, 100, 75, 82, 55, 84, 0
5, 100, 84, 96, 76, 93, 1
6, 100, 69, 91, 52, 78, 3
7, 100, 80, 81, 75, 83, 7
8, 100, 75, 82, 49, 76, 25
2, 500, 379, 500, 379, 500, 0
3, 500, 421, 421, 79, 398, 0
4, 500, 441, 441, 113, 420, 1
5, 500, 371, 425, 274, 405, 2
6, 500, 399, 404, 273, 381, 7
7, 500, 382, 442, 382, 423, 20
8, 500, 351, 403, 273, 364, 81
2, 10, 7, 6, 7, 5, 0
3, 10, 7, 6, 7, 8, 0
4, 10, 10, 10, 7, 10, 0
5, 10, 8, 8, 6, 9, 1
6, 10, 7, 9, 7, 9, 2
7, 10, 8, 8, 6, 8, 6
8, 10, 7, 8, 8, 10, 16
2, 50, 34, 34, 34, 26, 0
3, 50, 44, 44, 44, 47, 0
4, 50, 30, 41, 30, 42, 0
5, 50, 44, 44, 38, 44, 1
6, 50, 38, 41, 31, 38, 3
7, 50, 41, 45, 33, 41, 8
8, 50, 35, 31, 29, 29, 21
2, 100, 50, 79, 50, 69, 0
3, 100, 80, 100, 49, 100, 0
4, 100, 74, 85, 58, 74, 0
5, 100, 86, 84, 86, 85, 1
6, 100, 78, 77, 67, 68, 2
7, 100, 88, 88, 59, 82, 8
8, 100, 72, 82, 56, 73, 26
2, 500, 379, 379, 379, 333, 0
3, 500, 500, 500, 500, 500, 0
4, 500, 393, 415, 393, 374, 0
5, 500, 417, 442, 373, 436, 2
6, 500, 398, 437, 186, 408, 6
7, 500, 483, 483, 483, 474, 20
8, 500, 443, 461, 416, 441, 78
2, 10, 9, 9, 9, 9, 0
3, 10, 9, 9, 9, 10, 0
4, 10, 6, 5, 8, 7, 0
5, 10, 6, 7, 2, 7, 1
6, 10, 9, 9, 10, 10, 2
7, 10, 8, 8, 8, 9, 5
8, 10, 9, 6, 8, 6, 15
2, 50, 39, 50, 39, 50, 0
3, 50, 28, 45, 28, 43, 0
4, 50, 48, 50, 32, 50, 0
5, 50, 43, 43, 43, 39, 1
6, 50, 44, 44, 36, 41, 2
7, 50, 36, 42, 25, 43, 7
8, 50, 40, 41, 37, 42, 21
2, 100, 72, 72, 28, 74, 0
3, 100, 79, 79, 21, 75, 0
4, 100, 71, 73, 66, 73, 0
5, 100, 75, 77, 64, 69, 1
6, 100, 83, 88, 83, 83, 3
7, 100, 60, 78, 41, 69, 9
8, 100, 88, 96, 77, 94, 26
2, 500, 466, 466, 466, 445, 0
3, 500, 420, 424, 420, 404, 0
4, 500, 375, 388, 188, 346, 1
5, 500, 362, 414, 301, 380, 2
6, 500, 426, 426, 112, 389, 6
7, 500, 389, 441, 358, 409, 21
8, 500, 386, 433, 266, 407, 81
2, 10, 10, 10, 10, 10, 0
3, 10, 4, 8, 2, 8, 0
4, 10, 9, 9, 7, 8, 0
5, 10, 10, 10, 2, 8, 0
6, 10, 8, 8, 8, 7, 2
7, 10, 9, 8, 8, 8, 6
8, 10, 10, 8, 7, 10, 17
2, 50, 49, 49, 49, 49, 0
3, 50, 41, 41, 36, 31, 0
4, 50, 46, 47, 41, 47, 0
5, 50, 40, 41, 39, 40, 1
6, 50, 35, 38, 27, 35, 2
7, 50, 38, 43, 38, 36, 6
8, 50, 33, 42, 24, 36, 19
2, 100, 90, 90, 90, 91, 0
3, 100, 75, 75, 62, 69, 0
4, 100, 86, 86, 86, 77, 0
5, 100, 85, 83, 64, 78, 1
6, 100, 77, 82, 77, 86, 3
7, 100, 74, 73, 68, 75, 8
8, 100, 90, 90, 28, 86, 26
2, 500, 348, 500, 348, 500, 0
3, 500, 271, 310, 215, 287, 0
4, 500, 360, 385, 281, 332, 0
5, 500, 352, 439, 352, 419, 2
6, 500, 401, 418, 401, 388, 6
7, 500, 368, 403, 262, 377, 21
8, 500, 363, 378, 176, 316, 82
2, 10, 6, 10, 6, 6, 0
3, 10, 4, 5, 6, 5, 0
4, 10, 7, 6, 3, 7, 0
5, 10, 6, 7, 6, 4, 0
6, 10, 8, 9, 9, 9, 2
7, 10, 9, 7, 6, 8, 5
8, 10, 6, 4, 4, 5, 15
2, 50, 31, 31, 19, 31, 0
3, 50, 43, 50, 28, 50, 0
4, 50, 35, 33, 22, 31, 0
5, 50, 37, 42, 30, 37, 1
6, 50, 38, 41, 24, 42, 2
7, 50, 41, 43, 12, 37, 7
8, 50, 45, 46, 45, 50, 20
2, 100, 64, 69, 31, 58, 0
3, 100, 70, 88, 70, 83, 0
4, 100, 68, 73, 48, 61, 0
5, 100, 71, 76, 56, 68, 1
6, 100, 71, 77, 64, 66, 3
7, 100, 81, 93, 58, 83, 8
8, 100, 88, 74, 80, 70, 27
2, 500, 415, 454, 415, 443, 0
3, 500, 465, 465, 465, 459, 0
4, 500, 394, 429, 332, 391, 0
5, 500, 370, 399, 335, 362, 2
6, 500, 272, 336, 272, 286, 6
7, 500, 410, 430, 410, 403, 20
8, 500, 312, 386, 221, 342, 80
2, 10, 10, 6, 10, 8, 0
3, 10, 7, 10, 7, 10, 0
4, 10, 7, 9, 3, 9, 0
5, 10, 9, 9, 7, 10, 0
6, 10, 6, 7, 7, 8, 2
7, 10, 10, 10, 8, 10, 5
8, 10, 7, 7, 8, 8, 15
2, 50, 36, 39, 36, 33, 0
3, 50, 50, 50, 0, 50, 0
4, 50, 32, 32, 33, 26, 0
5, 50, 42, 42, 30, 39, 1
6, 50, 35, 42, 24, 35, 2
7, 50, 41, 46, 41, 47, 7
8, 50, 30, 40, 24, 36, 21
2, 100, 70, 70, 30, 65, 0
3, 100, 84, 84, 16, 78, 0
4, 100, 90, 90, 90, 89, 0
5, 100, 67, 71, 57, 57, 1
6, 100, 79, 87, 79, 80, 3
7, 100, 93, 95, 93, 90, 8
8, 100, 81, 83, 61, 75, 27
2, 500, 380, 380, 120, 341, 0
3, 500, 353, 444, 353, 428, 0
4, 500, 461, 483, 461, 474, 0
5, 500, 389, 414, 224, 388, 2
6, 500, 424, 450, 424, 435, 6
7, 500, 448, 476, 383, 468, 21
8, 500, 362, 411, 362, 390, 79
2, 10, 10, 10, 8, 10, 0
3, 10, 9, 9, 7, 8, 0
4, 10, 5, 5, 5, 6, 0
5, 10, 9, 9, 9, 8, 1
6, 10, 9, 9, 9, 9, 2
7, 10, 6, 8, 5, 5, 6
8, 10, 10, 8, 8, 9, 16
2, 50, 41, 41, 41, 46, 0
3, 50, 23, 35, 23, 36, 0
4, 50, 33, 38, 29, 40, 0
5, 50, 39, 42, 19, 36, 1
6, 50, 44, 44, 44, 48, 2
7, 50, 47, 46, 47, 46, 6
8, 50, 48, 48, 43, 47, 20
2, 100, 82, 82, 51, 69, 0
3, 100, 78, 100, 49, 100, 0
4, 100, 83, 88, 83, 84, 0
5, 100, 74, 81, 39, 78, 1
6, 100, 71, 80, 71, 64, 3
7, 100, 69, 76, 52, 72, 9
8, 100, 69, 76, 45, 70, 27
2, 500, 300, 300, 211, 267, 0
3, 500, 359, 389, 359, 322, 0
4, 500, 433, 452, 433, 433, 0
5, 500, 380, 416, 134, 383, 2
6, 500, 355, 373, 312, 327, 6
7, 500, 387, 466, 387, 463, 20
8, 500, 407, 434, 334, 398, 79
2, 10, 4, 4, 4, 7, 0
3, 10, 5, 5, 6, 5, 0
4, 10, 9, 9, 5, 10, 0
5, 10, 8, 8, 6, 8, 0
6, 10, 8, 9, 8, 9, 2
7, 10, 6, 5, 6, 5, 5
8, 10, 7, 6, 4, 6, 19
2, 50, 40, 40, 40, 35, 0
3, 50, 43, 50, 43, 46, 0
4, 50, 34, 37, 21, 33, 0
5, 50, 38, 43, 23, 42, 1
6, 50, 43, 44, 24, 39, 2
7, 50, 39, 38, 12, 39, 7
8, 50, 46, 40, 43, 43, 21
2, 100, 73, 73, 51, 66, 0
3, 100, 59, 72, 59, 54, 0
4, 100, 73, 93, 58, 90, 0
5, 100, 75, 89, 68, 81, 1
6, 100, 86, 92, 67, 83, 3
7, 100, 88, 95, 69, 89, 8
8, 100, 91, 86, 91, 91, 27
2, 500, 397, 468, 397, 439, 0
3, 500, 363, 444, 363, 418, 0
4, 500, 319, 360, 235, 301, 1
5, 500, 374, 415, 240, 394, 2
6, 500, 420, 440, 224, 421, 6
7, 500, 410, 434, 410, 407, 23
8, 500, 452, 464, 452, 454, 84
2, 10, 5, 5, 5, 7, 0
3, 10, 10, 10, 5, 10, 0
4, 10, 7, 7, 6, 7, 0
5, 10, 9, 8, 6, 4, 0
6, 10, 6, 8, 6, 7, 2
7, 10, 5, 7, 4, 7, 9
8, 10, 9, 10, 9, 10, 17
2, 50, 40, 40, 27, 39, 0
3, 50, 42, 42, 42, 39, 0
4, 50, 45, 50, 37, 50, 0
5, 50, 29, 28, 22, 32, 1
6, 50, 40, 39, 35, 41, 3
7, 50, 44, 47, 30, 46, 7
8, 50, 42, 47, 30, 45, 22
2, 100, 83, 83, 83, 67, 0
3, 100, 90, 90, 90, 87, 0
4, 100, 79, 79, 58, 64, 0
5, 100, 83, 95, 83, 93, 1
6, 100, 86, 89, 65, 86, 3
7, 100, 76, 93, 73, 87, 8
8, 100, 68, 76, 51, 83, 25
2, 500, 412, 463, 412, 445, 0
3, 500, 406, 406, 160, 381, 0
4, 500, 434, 448, 434, 429, 1
5, 500, 394, 425, 303, 408, 2
6, 500, 347, 375, 306, 354, 7
7, 500, 393, 431, 393, 387, 23
8, 500, 364, 407, 277, 378, 82
2, 10, 8, 7, 3, 7, 0
3, 10, 6, 7, 7, 9, 0
4, 10, 9, 9, 9, 10, 0
5, 10, 6, 6, 5, 8, 0
6, 10, 9, 9, 8, 9, 2
7, 10, 7, 8, 6, 8, 5
8, 10, 8, 7, 5, 9, 17
2, 50, 43, 47, 43, 44, 0
3, 50, 30, 35, 30, 28, 0
4, 50, 47, 47, 36, 45, 0
5, 50, 41, 47, 41, 48, 1
6, 50, 29, 42, 29, 40, 2
7, 50, 40, 40, 27, 32, 7
8, 50, 41, 43, 31, 38, 21
2, 100, 60, 70, 60, 61, 0
3, 100, 66, 87, 27, 82, 0
4, 100, 85, 94, 85, 92, 0
5, 100, 76, 88, 76, 83, 1
6, 100, 88, 94, 66, 89, 2
7, 100, 81, 77, 73, 75, 8
8, 100, 78, 81, 73, 77, 34
2, 500, 450, 450, 450, 433, 0
3, 500, 422, 422, 171, 396, 0
4, 500, 329, 347, 329, 279, 1
5, 500, 425, 451, 425, 445, 2
6, 500, 461, 474, 461, 465, 6
7, 500, 383, 448, 383, 416, 21
8, 500, 361, 426, 361, 391, 80
2, 10, 5, 5, 5, 6, 0
3, 10, 9, 9, 9, 10, 0
4, 10, 9, 9, 4, 9, 0
5, 10, 10, 9, 10, 8, 1
6, 10, 7, 7, 4, 4, 2
7, 10, 7, 7, 5, 6, 5
8, 10, 4, 7, 9, 7, 16
2, 50, 35, 35, 23, 32, 0
3, 50, 40, 50, 24, 50, 0
4, 50, 40, 50, 32, 50, 0
5, 50, 46, 43, 46, 43, 1
6, 50, 39, 37, 39, 35, 2
7, 50, 41, 41, 36, 37, 8
8, 50, 41, 46, 38, 45, 23
2, 100, 100, 100, 0, 100, 0
3, 100, 92, 92, 78, 89, 0
4, 100, 100, 100, 100, 100, 0
5, 100, 76, 76, 74, 65, 1
6, 100, 83, 88, 83, 87, 2
7, 100, 82, 82, 72, 75, 8
8, 100, 85, 86, 60, 79, 27
2, 500, 372, 372, 128, 348, 0
3, 500, 399, 413, 399, 397, 0
4, 500, 348, 369, 348, 331, 1
5, 500, 500, 500, 151, 500, 2
6, 500, 330, 369, 296, 312, 8
7, 500, 428, 430, 188, 418, 22
8, 500, 402, 411, 368, 385, 83
2, 10, 10, 10, 10, 8, 0
3, 10, 8, 8, 2, 6, 0
4, 10, 10, 10, 10, 10, 0
5, 10, 5, 5, 5, 6, 1
6, 10, 8, 8, 7, 7, 2
7, 10, 3, 4, 8, 7, 6
8, 10, 6, 10, 9, 10, 19
2, 50, 36, 50, 36, 50, 0
3, 50, 39, 50, 25, 50, 0
4, 50, 42, 39, 42, 41, 0
5, 50, 32, 38, 22, 35, 1
6, 50, 47, 46, 41, 45, 2
7, 50, 35, 37, 33, 34, 7
8, 50, 33, 34, 31, 30, 21
2, 100, 64, 64, 36, 59, 0
3, 100, 72, 88, 72, 92, 0
4, 100, 73, 79, 73, 75, 0
5, 100, 71, 72, 65, 61, 1
6, 100, 89, 95, 89, 91, 3
7, 100, 71, 75, 47, 77, 8
8, 100, 70, 85, 52, 77, 26
2, 500, 457, 457, 457, 447, 0
3, 500, 471, 471, 471, 458, 0
4, 500, 342, 382, 282, 318, 0
5, 500, 370, 393, 370, 366, 2
6, 500, 441, 470, 149, 459, 6
7, 500, 407, 481, 365, 472, 21
8, 500, 405, 444, 350, 416, 81
2, 10, 10, 7, 3, 5, 0
3, 10, 7, 7, 7, 8, 0
4, 10, 7, 7, 5, 8, 0
5, 10, 9, 10, 7, 10, 1
6, 10, 6, 7, 5, 10, 2
7, 10, 6, 6, 5, 7, 6
8, 10, 5, 5, 5, 5, 17
2, 50, 47, 47, 47, 44, 0
3, 50, 42, 42, 37, 44, 0
4, 50, 36, 44, 18, 45, 0
5, 50, 46, 47, 40, 48, 1
6, 50, 32, 42, 28, 41, 2
7, 50, 28, 43, 24, 34, 7
8, 50, 33, 35, 29, 33, 22
2, 100, 100, 100, 100, 100, 0
3, 100, 79, 85, 63, 82, 0
4, 100, 83, 90, 61, 90, 0
5, 100, 78, 90, 32, 90, 1
6, 100, 88, 88, 80, 84, 3
7, 100, 73, 77, 51, 69, 9
8, 100, 79, 76, 79, 77, 33
2, 500, 290, 290, 221, 274, 0
3, 500, 420, 420, 159, 388, 0
4, 500, 371, 388, 277, 312, 0
5, 500, 379, 398, 340, 372, 2
6, 500, 436, 461, 397, 442, 6
7, 500, 371, 412, 194, 386, 22
8, 500, 393, 426, 304, 399, 83
2, 10, 10, 10, 7, 10, 0
3, 10, 7, 7, 7, 8, 0
4, 10, 10, 10, 9, 10, 0
5, 10, 8, 8, 6, 8, 1
6, 10, 7, 8, 8, 7, 2
7, 10, 10, 10, 6, 9, 5
8, 10, 6, 2, 4, 9, 16
2, 50, 32, 25, 32, 23, 0
3, 50, 40, 50, 22, 50, 0
4, 50, 44, 46, 44, 47, 0
5, 50, 40, 44, 40, 47, 1
6, 50, 41, 50, 41, 47, 2
7, 50, 37, 41, 23, 40, 7
8, 50, 33, 35, 33, 31, 21
2, 100, 83, 91, 83, 88, 0
3, 100, 90, 100, 90, 100, 0
4, 100, 80, 84, 42, 71, 0
5, 100, 74, 87, 56, 83, 1
6, 100, 76, 79, 70, 74, 2
7, 100, 74, 95, 74, 87, 9
8, 100, 80, 92, 58, 92, 28
2, 500, 386, 386, 264, 340, 0
3, 500, 341, 427, 341, 416, 0
4, 500, 252, 345, 252, 292, 1
5, 500, 367, 416, 324, 383, 3
6, 500, 386, 398, 207, 370, 8
7, 500, 353, 450, 242, 428, 29
8, 500, 355, 393, 320, 387, 104
2, 10, 10, 10, 10, 6, 0
3, 10, 6, 6, 7, 9, 0
4, 10, 7, 5, 6, 8, 0
5, 10, 8, 8, 7, 5, 1
6, 10, 2, 7, 1, 6, 2
7, 10, 7, 9, 4, 8, 8
8, 10, 7, 5, 4, 8, 18
2, 50, 38, 36, 38, 36, 0
3, 50, 31, 33, 31, 34, 0
4, 50, 28, 30, 13, 33, 0
5, 50, 41, 43, 36, 37, 1
6, 50, 45, 45, 45, 46, 2
7, 50, 34, 36, 34, 37, 7
8, 50, 38, 41, 30, 38, 21
2, 100, 52, 74, 52, 67, 0
3, 100, 68, 81, 48, 64, 0
4, 100, 78, 93, 78, 91, 0
5, 100, 76, 79, 68, 73, 1
6, 100, 96, 96, 88, 94, 3
7, 100, 71, 79, 56, 70, 8
8, 100, 71, 85, 59, 73, 28
2, 500, 305, 357, 305, 299, 0
3, 500, 298, 365, 155, 307, 0
4, 500, 382, 382, 382, 333, 1
5, 500, 428, 428, 387, 362, 2
6, 500, 385, 413, 348, 362, 7
7, 500, 452, 479, 210, 467, 23
8, 500, 361, 407, 304, 356, 79
2, 10, 9, 9, 9, 9, 0
3, 10, 9, 9, 6, 9, 0
4, 10, 10, 10, 9, 10, 0
5, 10, 6, 9, 6, 10, 1
6, 10, 6, 6, 6, 7, 2
7, 10, 8, 8, 8, 8, 6
8, 10, 10, 10, 10, 9, 19
2, 50, 50, 50, 50, 50, 0
3, 50, 41, 43, 41, 39, 0
4, 50, 43, 48, 43, 46, 0
5, 50, 31, 36, 21, 31, 1
6, 50, 48, 46, 48, 49, 2
7, 50, 43, 43, 43, 40, 7
8, 50, 40, 37, 39, 39, 20
2, 100, 100, 100, 0, 100, 0
3, 100, 60, 90, 60, 80, 0
4, 100, 80, 93, 80, 94, 0
5, 100, 67, 71, 50, 65, 1
6, 100, 82, 95, 82, 95, 3
7, 100, 76, 89, 57, 81, 8
8, 100, 73, 74, 43, 73, 26
2, 500, 368, 500, 368, 500, 0
3, 500, 268, 303, 218, 276, 0
4, 500, 422, 472, 358, 459, 0
5, 500, 343, 378, 188, 324, 2
6, 500, 404, 414, 404, 399, 6
7, 500, 426, 478, 393, 480, 22
8, 500, 389, 403, 315, 413, 85
2, 10, 3, 2, 1, 6, 0
3, 10, 10, 10, 4, 10, 0
4, 10, 9, 9, 7, 4, 0
5, 10, 7, 7, 7, 9, 0
6, 10, 7, 7, 4, 8, 2
7, 10, 8, 5, 3, 8, 5
8, 10, 8, 9, 8, 7, 17
2, 50, 50, 50, 0, 50, 0
3, 50, 37, 37, 37, 41, 0
4, 50, 44, 45, 44, 43, 0
5, 50, 38, 42, 26, 37, 1
6, 50, 46, 48, 34, 42, 2
7, 50, 39, 37, 19, 40, 7
8, 50, 44, 44, 28, 47, 20
2, 100, 79, 79, 56, 69, 0
3, 100, 72, 74, 72, 61, 0
4, 100, 68, 76, 41, 74, 0
5, 100, 81, 78, 61, 74, 1
6, 100, 86, 88, 71, 84, 4
7, 100, 87, 91, 81, 84, 8
8, 100, 74, 76, 74, 76, 27
2, 500, 361, 361, 139, 324, 0
3, 500, 285, 343, 156, 298, 0
4, 500, 382, 417, 312, 401, 0
5, 500, 396, 424, 350, 382, 2
6, 500, 368, 392, 316, 349, 6
7, 500, 445, 445, 445, 426, 21
8, 500, 398, 436, 300, 419, 81
2, 10, 10, 10, 0, 10, 0
3, 10, 10, 10, 2, 8, 0
4, 10, 9, 9, 9, 9, 0
5, 10, 8, 8, 8, 9, 1
6, 10, 10, 10, 8, 10, 1
7, 10, 8, 10, 4, 7, 6
8, 10, 8, 8, 8, 8, 16
2, 50, 45, 45, 45, 44, 0
3, 50, 43, 43, 43, 41, 0
4, 50, 43, 45, 25, 45, 0
5, 50, 35, 41, 23, 37, 1
6, 50, 43, 45, 35, 47, 2
7, 50, 37, 37, 25, 38, 6
8, 50, 41, 41, 38, 40, 28
2, 100, 81, 81, 81, 75, 0
3, 100, 85, 87, 85, 79, 0
4, 100, 73, 83, 73, 78, 0
5, 100, 83, 90, 83, 88, 1
6, 100, 85, 84, 26, 87, 4
7, 100, 77, 86, 68, 77, 13
8, 100, 72, 77, 59, 79, 33
2, 500, 393, 393, 393, 338, 0
3, 500, 290, 336, 290, 273, 0
4, 500, 321, 358, 233, 326, 0
5, 500, 389, 419, 343, 386, 2
6, 500, 451, 474, 370, 470, 6
7, 500, 320, 391, 214, 372, 23
8, 500, 390, 420, 359, 399, 80
2, 10, 5, 5, 5, 4, 0
3, 10, 8, 8, 3, 6, 0
4, 10, 9, 10, 9, 10, 0
5, 10, 7, 7, 8, 7, 0
6, 10, 9, 8, 6, 6, 2
7, 10, 7, 6, 6, 7, 6
8, 10, 9, 10, 10, 10, 17
2, 50, 32, 40, 32, 30, 0
3, 50, 39, 45, 39, 43, 0
4, 50, 37, 37, 37, 31, 0
5, 50, 40, 42, 35, 40, 1
6, 50, 46, 46, 8, 44, 2
7, 50, 42, 41, 42, 48, 6
8, 50, 37, 44, 37, 44, 20
2, 100, 56, 73, 56, 60, 0
3, 100, 77, 77, 31, 75, 0
4, 100, 71, 71, 35, 71, 0
5, 100, 71, 85, 71, 83, 1
6, 100, 58, 70, 54, 51, 2
7, 100, 59, 70, 50, 66, 8
8, 100, 72, 86, 64, 80, 27
2, 500, 462, 462, 462, 440, 0
3, 500, 500, 500, 0, 500, 0
4, 500, 400, 444, 400, 438, 0
5, 500, 348, 430, 348, 416, 2
6, 500, 349, 368, 314, 315, 6
7, 500, 314, 376, 276, 345, 24
8, 500, 404, 410, 404, 382, 84
2, 10, 7, 7, 3, 7, 0
3, 10, 8, 5, 8, 7, 0
4, 10, 4, 6, 6, 8, 0
5, 10, 10, 10, 3, 9, 1
6, 10, 8, 9, 5, 9, 2
7, 10, 8, 5, 4, 7, 5
8, 10, 6, 6, 6, 7, 16
2, 50, 29, 29, 22, 25, 0
3, 50, 33, 37, 23, 30, 0
4, 50, 30, 30, 26, 34, 0
5, 50, 46, 47, 38, 47, 1
6, 50, 47, 48, 32, 47, 2
7, 50, 41, 45, 41, 45, 7
8, 50, 40, 44, 31, 42, 20
2, 100, 100, 100, 0, 100, 0
3, 100, 57, 72, 49, 59, 0
4, 100, 88, 100, 68, 100, 0
5, 100, 82, 86, 82, 83, 1
6, 100, 86, 86, 86, 84, 4
7, 100, 64, 82, 52, 81, 8
8, 100, 82, 90, 75, 87, 26
2, 500, 386, 386, 114, 332, 0
3, 500, 362, 438, 362, 415, 0
4, 500, 336, 363, 223, 307, 0
5, 500, 337, 414, 227, 394, 2
6, 500, 347, 400, 236, 369, 7
7, 500, 416, 471, 416, 460, 23
8, 500, 455, 455, 455, 446, 78
2, 10, 4, 4, 4, 3, 0
3, 10, 8, 5, 7, 4, 0
4, 10, 10, 8, 10, 9, 0
5, 10, 8, 8, 7, 6, 1
6, 10, 8, 10, 10, 9, 2
7, 10, 7, 7, 7, 8, 6
8, 10, 8, 6, 5, 8, 16
2, 50, 31, 31, 16, 31, 0
3, 50, 46, 47, 46, 47, 0
4, 50, 43, 43, 15, 42, 0
5, 50, 39, 40, 32, 35, 1
6, 50, 41, 46, 28, 45, 2
7, 50, 40, 42, 37, 43, 8
8, 50, 38, 38, 38, 33, 21
2, 100, 83, 87, 83, 83, 0
3, 100, 100, 100, 100, 100, 0
4, 100, 69, 71, 32, 67, 0
5, 100, 60, 73, 36, 73, 1
6, 100, 93, 90, 76, 90, 2
7, 100, 89, 83, 53, 83, 9
8, 100, 74, 79, 38, 78, 26
2, 500, 423, 459, 423, 442, 0
3, 500, 347, 384, 347, 334, 0
4, 500, 404, 408, 404, 383, 0
5, 500, 426, 461, 327, 450, 2
6, 500, 367, 389, 150, 352, 6
7, 500, 300, 357, 270, 336, 22
8, 500, 367, 399, 334, 350, 80
2, 10, 7, 7, 8, 6, 0
3, 10, 4, 5, 4, 7, 0
4, 10, 7, 7, 7, 9, 0
5, 10, 9, 8, 7, 8, 1
6, 10, 7, 7, 5, 8, 2
7, 10, 7, 7, 8, 8, 6
8, 10, 7, 6, 8, 6, 18
2, 50, 46, 46, 46, 43, 0
3, 50, 26, 36, 26, 26, 0
4, 50, 39, 46, 24, 46, 0
5, 50, 46, 50, 38, 50, 1
6, 50, 45, 43, 45, 46, 2
7, 50, 41, 45, 26, 41, 7
8, 50, 34, 39, 34, 40, 27
2, 100, 47, 55, 47, 48, 0
3, 100, 82, 100, 52, 100, 0
4, 100, 46, 66, 43, 56, 0
5, 100, 72, 94, 48, 89, 1
6, 100, 84, 88, 79, 78, 4
7, 100, 75, 75, 57, 73, 9
8, 100, 83, 84, 71, 82, 32
2, 500, 469, 469, 469, 462, 0
3, 500, 400, 449, 320, 429, 0
4, 500, 289, 344, 269, 282, 1
5, 500, 360, 400, 360, 359, 2
6, 500, 328, 367, 328, 334, 8
7, 500, 384, 419, 384, 402, 27
8, 500, 382, 415, 256, 395, 91
2, 10, 9, 9, 9, 8, 0
3, 10, 8, 10, 8, 10, 0
4, 10, 8, 8, 2, 9, 0
5, 10, 7, 7, 7, 10, 0
6, 10, 6, 8, 7, 8, 2
7, 10, 10, 10, 7, 10, 6
8, 10, 9, 9, 6, 9, 17
2, 50, 44, 45, 44, 44, 0
3, 50, 28, 32, 15, 25, 0
4, 50, 35, 36, 24, 33, 0
5, 50, 40, 40, 21, 42, 1
6, 50, 45, 46, 45, 48, 2
7, 50, 49, 49, 39, 46, 7
8, 50, 34, 35, 31, 38, 22
2, 100, 79, 79, 79, 64, 0
3, 100, 67, 79, 42, 68, 0
4, 100, 85, 84, 66, 78, 0
5, 100, 79, 77, 79, 73, 1
6, 100, 77, 80, 62, 79, 3
7, 100, 79, 81, 54, 80, 9
8, 100, 77, 79, 74, 73, 27
2, 500, 388, 388, 388, 347, 0
3, 500, 348, 378, 237, 324, 0
4, 500, 260, 333, 260, 294, 0
5, 500, 360, 453, 360, 431, 2
6, 500, 427, 442, 427, 423, 6
7, 500, 383, 432, 338, 402, 22
8, 500, 365, 468, 365, 455, 84
2, 10, 7, 7, 3, 5, 0
3, 10, 7, 9, 1, 6, 0
4, 10, 9, 9, 4, 8, 0
5, 10, 6, 6, 6, 10, 0
6, 10, 5, 5, 6, 8, 2
7, 10, 8, 8, 8, 9, 7
8, 10, 8, 8, 7, 10, 17
2, 50, 32, 32, 18, 31, 0
3, 50, 43, 39, 32, 42, 0
4, 50, 45, 45, 14, 44, 0
5, 50, 40, 43, 33, 44, 1
6, 50, 35, 42, 35, 43, 2
7, 50, 35, 41, 23, 35, 8
8, 50, 29, 29, 22, 28, 22
2, 100, 81, 93, 81, 87, 0
3, 100, 77, 80, 46, 65, 0
4, 100, 62, 92, 39, 85, 0
5, 100, 70, 76, 62, 68, 1
6, 100, 84, 86, 41, 86, 2
7, 100, 80, 84, 80, 86, 9
8, 100, 71, 78, 60, 68, 29
2, 500, 467, 467, 467, 449, 0
3, 500, 500, 500, 500, 500, 0
4, 500, 362, 417, 288, 397, 0
5, 500, 451, 470, 364, 458, 3
6, 500, 389, 428, 250, 403, 6
7, 500, 382, 405, 133, 360, 25
8, 500, 355, 388, 144, 358, 82
2, 10, 6, 10, 6, 10, 0
3, 10, 6, 6, 4, 6, 0
4, 10, 8, 10, 7, 10, 0
5, 10, 8, 8, 2, 8, 1
6, 10, 8, 6, 7, 7, 3
7, 10, 9, 9, 8, 10, 7
8, 10, 7, 7, 3, 6, 16
2, 50, 42, 42, 42, 33, 0
3, 50, 42, 45, 36, 42, 0
4, 50, 33, 47, 33, 43, 0
5, 50, 39, 39, 24, 41, 1
6, 50, 34, 36, 25, 30, 3
7, 50, 40, 47, 35, 46, 8
8, 50, 39, 33, 36, 38, 20
2, 100, 92, 92, 92, 88, 0
3, 100, 82, 82, 82, 81, 0
4, 100, 59, 66, 60, 60, 0
5, 100, 75, 90, 69, 80, 1
6, 100, 88, 96, 27, 95, 2
7, 100, 82, 88, 31, 81, 8
8, 100, 58, 74, 44, 61, 26
2, 500, 455, 455, 455, 441, 0
3, 500, 404, 430, 404, 399, 0
4, 500, 385, 418, 385, 393, 0
5, 500, 384, 436, 324, 429, 2
6, 500, 361, 388, 361, 355, 6
7, 500, 425, 472, 275, 468, 22
8, 500, 454, 454, 454, 457, 82
2, 10, 7, 10, 7, 10, 0
3, 10, 6, 7, 6, 8, 0
4, 10, 4, 4, 4, 9, 0
5, 10, 6, 6, 5, 7, 0
6, 10, 6, 7, 8, 6, 3
7, 10, 6, 6, 6, 8, 8
8, 10, 7, 10, 6, 9, 21
2, 50, 35, 37, 35, 33, 0
3, 50, 43, 43, 18, 39, 0
4, 50, 44, 44, 44, 45, 0
5, 50, 40, 44, 40, 46, 1
6, 50, 36, 41, 34, 42, 2
7, 50, 33, 42, 32, 43, 10
8, 50, 39, 43, 31, 41, 27
2, 100, 84, 89, 84, 87, 0
3, 100, 72, 76, 44, 62, 0
4, 100, 77, 77, 44, 73, 0
5, 100, 64, 81, 31, 67, 1
6, 100, 81, 87, 60, 81, 3
7, 100, 69, 97, 62, 96, 10
8, 100, 76, 82, 49, 75, 30
2, 500, 427, 466, 427, 457, 0
3, 500, 384, 412, 384, 381, 0
4, 500, 410, 442, 290, 429, 0
5, 500, 433, 464, 199, 452, 2
6, 500, 368, 407, 288, 383, 6
7, 500, 416, 444, 383, 417, 24
8, 500, 360, 383, 303, 363, 86
2, 10, 8, 9, 8, 5, 0
3, 10, 10, 8, 10, 8, 0
4, 10, 9, 8, 2, 6, 0
5, 10, 3, 3, 7, 6, 1
6, 10, 8, 7, 6, 8, 2
7, 10, 6, 5, 7, 3, 6
8, 10, 8, 8, 8, 8, 17
2, 50, 38, 38, 26, 35, 0
3, 50, 45, 47, 45, 47, 0
4, 50, 40, 47, 21, 44, 0
5, 50, 38, 39, 34, 38, 1
6, 50, 39, 43, 31, 39, 3
7, 50, 31, 35, 22, 26, 6
8, 50, 38, 44, 27, 42, 20
2, 100, 59, 68, 59, 51, 0
3, 100, 68, 68, 36, 62, 0
4, 100, 97, 97, 97, 97, 0
5, 100, 70, 85, 47, 78, 1
6, 100, 67, 69, 55, 61, 3
7, 100, 80, 80, 56, 72, 8
8, 100, 79, 82, 39, 79, 27
2, 500, 376, 376, 245, 331, 0
3, 500, 416, 415, 416, 399, 0
4, 500, 287, 331, 183, 303, 0
5, 500, 397, 419, 349, 382, 2
6, 500, 420, 445, 326, 415, 6
7, 500, 397, 404, 397, 402, 23
8, 500, 390, 435, 234, 406, 82
2, 10, 10, 10, 10, 10, 0
3, 10, 4, 4, 4, 7, 0
4, 10, 5, 7, 5, 8, 0
5, 10, 5, 6, 6, 5, 0
6, 10, 7, 9, 6, 10, 2
7, 10, 9, 8, 7, 8, 5
8, 10, 7, 3, 5, 10, 16
2, 50, 47, 47, 47, 43, 0
3, 50, 41, 48, 41, 45, 0
4, 50, 36, 46, 36, 46, 0
5, 50, 42, 42, 18, 35, 1
6, 50, 41, 39, 35, 32, 2
7, 50, 44, 42, 30, 41, 7
8, 50, 32, 44, 23, 32, 22
2, 100, 46, 57, 45, 47, 0
3, 100, 90, 90, 38, 77, 0
4, 100, 91, 92, 91, 88, 0
5, 100, 74, 80, 47, 74, 1
6, 100, 76, 91, 70, 91, 2
7, 100, 84, 85, 68, 71, 9
8, 100, 62, 77, 40, 63, 27
2, 500, 369, 369, 244, 321, 0
3, 500, 393, 442, 310, 426, 0
4, 500, 375, 408, 271, 387, 0
5, 500, 404, 431, 305, 398, 2
6, 500, 357, 429, 281, 418, 6
7, 500, 324, 398, 222, 376, 21
8, 500, 441, 449, 409, 433, 78
2, 10, 5, 5, 5, 6, 0
3, 10, 6, 7, 6, 5, 0
4, 10, 9, 9, 8, 10, 0
5, 10, 10, 10, 10, 10, 1
6, 10, 5, 5, 6, 7, 2
7, 10, 3, 3, 3, 6, 5
8, 10, 6, 8, 7, 8, 16
2, 50, 25, 33, 25, 30, 0
3, 50, 43, 43, 7, 44, 0
4, 50, 38, 48, 38, 47, 0
5, 50, 35, 42, 35, 40, 1
6, 50, 48, 48, 48, 47, 3
7, 50, 31, 29, 28, 32, 8
8, 50, 43, 44, 37, 41, 25
2, 100, 92, 92, 92, 85, 0
3, 100, 80, 90, 58, 89, 0
4, 100, 85, 85, 75, 83, 0
5, 100, 79, 74, 71, 76, 1
6, 100, 72, 76, 53, 77, 4
7, 100, 74, 79, 64, 71, 11
8, 100, 91, 92, 67, 86, 30
2, 500, 374, 374, 126, 346, 0
3, 500, 413, 500, 251, 500, 0
4, 500, 400, 400, 247, 369, 0
5, 500, 371, 399, 257, 374, 3
6, 500, 376, 426, 337, 399, 6
7, 500, 388, 406, 145, 375, 23
8, 500, 388, 440, 340, 420, 86
2, 10, 2, 2, 8, 5, 0
3, 10, 6, 9, 4, 7, 0
4, 10, 9, 10, 5, 10, 0
5, 10, 7, 6, 4, 7, 1
6, 10, 9, 9, 7, 10, 2
7, 10, 6, 6, 6, 7, 7
8, 10, 3, 4, 6, 5, 21
2, 50, 41, 41, 26, 34, 0
3, 50, 34, 38, 34, 41, 0
4, 50, 32, 42, 27, 40, 0
5, 50, 35, 35, 35, 35, 1
6, 50, 27, 32, 27, 34, 3
7, 50, 45, 41, 7, 37, 6
8, 50, 40, 40, 33, 42, 26
2, 100, 83, 83, 17, 66, 0
3, 100, 68, 75, 68, 64, 0
4, 100, 85, 92, 85, 90, 1
5, 100, 78, 88, 21, 82, 1
6, 100, 74, 84, 70, 79, 3
7, 100, 73, 88, 70, 87, 9
8, 100, 75, 81, 50, 75, 27
2, 500, 500, 500, 0, 500, 0
3, 500, 423, 500, 423, 500, 0
4, 500, 399, 475, 399, 461, 0
5, 500, 344, 379, 262, 361, 2
6, 500, 386, 413, 344, 377, 6
7, 500, 369, 396, 339, 375, 21
8, 500, 347, 383, 285, 358, 81
2, 10, 9, 9, 9, 8, 0
3, 10, 6, 6, 4, 6, 0
4, 10, 10, 10, 10, 9, 0
5, 10, 8, 8, 6, 8, 0
6, 10, 9, 9, 7, 8, 2
7, 10, 5, 4, 5, 7, 5
8, 10, 7, 7, 7, 8, 17
2, 50, 44, 50, 44, 50, 0
3, 50, 40, 40, 20, 41, 0
4, 50, 37, 44, 37, 39, 0
5, 50, 42, 48, 36, 46, 1
6, 50, 28, 33, 21, 33, 2
7, 50, 42, 49, 33, 45, 7
8, 50, 38, 41, 35, 32, 20
2, 100, 58, 76, 24, 66, 0
3, 100, 78, 78, 59, 64, 0
4, 100, 78, 77, 39, 71, 0
5, 100, 67, 72, 47, 69, 1
6, 100, 71, 72, 64, 66, 2
7, 100, 79, 95, 66, 94, 9
8, 100, 70, 68, 46, 53, 27
2, 500, 466, 466, 466, 453, 0
3, 500, 393, 424, 393, 387, 0
4, 500, 368, 368, 310, 324, 0
5, 500, 342, 357, 269, 320, 2
6, 500, 364, 394, 322, 365, 6
7, 500, 398, 473, 318, 459, 22
8, 500, 272, 338, 223, 288, 83
2, 10, 6, 6, 3, 8, 0
3, 10, 9, 9, 4, 6, 0
4, 10, 6, 6, 7, 5, 0
5, 10, 8, 8, 5, 5, 1
6, 10, 8, 8, 7, 7, 2
7, 10, 6, 7, 6, 8, 7
8, 10, 9, 7, 6, 8, 23
2, 50, 39, 39, 11, 34, 0
3, 50, 35, 46, 35, 42, 0
4, 50, 43, 44, 43, 42, 0
5, 50, 47, 47, 41, 46, 1
6, 50, 40, 41, 34, 38, 2
7, 50, 36, 41, 24, 32, 8
8, 50, 42, 47, 42, 48, 25
2, 100, 60, 66, 60, 62, 0
3, 100, 82, 82, 82, 81, 0
4, 100, 92, 92, 92, 89, 0
5, 100, 64, 71, 64, 66, 1
6, 100, 70, 72, 43, 63, 4
7, 100, 74, 72, 72, 69, 9
8, 100, 70, 85, 70, 86, 32
2, 500, 500, 500, 0, 500, 0
3, 500, 337, 372, 235, 336, 0
4, 500, 342, 404, 342, 368, 0
5, 500, 444, 473, 198, 454, 2
6, 500, 364, 396, 364, 355, 7
7, 500, 342, 392, 257, 366, 23
8, 500, 411, 429, 411, 408, 92
2, 10, 7, 7, 3, 7, 0
3, 10, 10, 10, 10, 10, 0
4, 10, 8, 9, 8, 6, 0
5, 10, 9, 9, 6, 7, 1
6, 10, 9, 7, 7, 9, 2
7, 10, 6, 8, 5, 7, 8
8, 10, 7, 8, 4, 7, 17
2, 50, 50, 50, 0, 50, 0
3, 50, 41, 43, 41, 37, 0
4, 50, 48, 45, 48, 45, 0
5, 50, 33, 36, 35, 39, 1
6, 50, 34, 42, 21, 36, 2
7, 50, 32, 40, 28, 38, 7
8, 50, 38, 40, 28, 42, 23
2, 100, 80, 80, 50, 75, 0
3, 100, 87, 87, 69, 80, 0
4, 100, 83, 91, 83, 88, 0
5, 100, 66, 77, 48, 62, 1
6, 100, 69, 73, 42, 71, 2
7, 100, 95, 94, 95, 94, 7
8, 100, 80, 88, 55, 89, 27
2, 500, 500, 500, 0, 500, 0
3, 500, 382, 382, 294, 337, 0
4, 500, 432, 432, 68, 414, 0
5, 500, 360, 441, 360, 431, 2
6, 500, 372, 438, 243, 415, 7
7, 500, 429, 462, 372, 431, 21
8, 500, 418, 436, 386, 409, 80
2, 10, 10, 10, 10, 10, 0
3, 10, 10, 10, 10, 10, 0
4, 10, 7, 7, 6, 8, 0
5, 10, 4, 4, 5, 8, 0
6, 10, 10, 10, 9, 10, 2
7, 10, 6, 6, 5, 8, 6
8, 10, 5, 6, 5, 3, 16
2, 50, 37, 37, 13, 31, 0
3, 50, 44, 44, 44, 42, 0
4, 50, 38, 37, 38, 38, 0
5, 50, 38, 32, 30, 34, 1
6, 50, 45, 48, 27, 44, 2
7, 50, 41, 44, 25, 36, 8
8, 50, 38, 48, 28, 45, 20
2, 100, 63, 63, 48, 54, 0
3, 100, 88, 96, 88, 97, 0
4, 100, 76, 85, 76, 79, 0
5, 100, 63, 78, 63, 65, 1
6, 100, 75, 81, 55, 83, 2
7, 100, 73, 69, 64, 75, 9
8, 100, 88, 91, 52, 89, 26
2, 500, 500, 500, 500, 500, 0
3, 500, 307, 347, 181, 306, 0
4, 500, 304, 369, 221, 301, 0
5, 500, 345, 374, 295, 310, 2
6, 500, 325, 377, 277, 334, 6
7, 500, 370, 411, 332, 372, 24
8, 500, 412, 452, 315, 438, 82
2, 10, 10, 10, 6, 10, 0
3, 10, 6, 8, 6, 7, 0
4, 10, 4, 5, 5, 10, 0
5, 10, 7, 7, 4, 6, 0
6, 10, 8, 10, 10, 8, 2
7, 10, 6, 5, 3, 6, 7
8, 10, 6, 5, 4, 8, 17
2, 50, 37, 37, 37, 30, 0
3, 50, 33, 33, 23, 28, 0
4, 50, 36, 39, 31, 31, 0
5, 50, 40, 43, 34, 43, 1
6, 50, 26, 37, 20, 30, 3
7, 50, 43, 45, 31, 44, 7
8, 50, 43, 47, 38, 45, 23
2, 100, 100, 100, 0, 100, 0
3, 100, 86, 86, 86, 83, 0
4, 100, 74, 83, 55, 72, 0
5, 100, 82, 93, 66, 94, 1
6, 100, 77, 76, 42, 73, 2
7, 100, 74, 79, 65, 81, 9
8, 100, 83, 90, 72, 86, 27
2, 500, 461, 461, 461, 447, 0
3, 500, 417, 417, 176, 392, 0
4, 500, 375, 451, 218, 431, 0
5, 500, 418, 465, 418, 460, 2
6, 500, 412, 431, 219, 419, 5
7, 500, 418, 418, 216, 378, 23
8, 500, 376, 440, 282, 425, 86
2, 10, 10, 10, 10, 10, 0
3, 10, 9, 10, 8, 9, 0
4, 10, 8, 8, 9, 9, 0
5, 10, 10, 10, 9, 10, 1
6, 10, 8, 7, 4, 9, 3
7, 10, 7, 7, 7, 5, 8
8, 10, 5, 4, 6, 9, 24
2, 50, 37, 37, 21, 35, 0
3, 50, 43, 46, 4, 45, 0
4, 50, 39, 42, 39, 41, 0
5, 50, 39, 39, 15, 38, 1
6, 50, 37, 40, 31, 36, 3
7, 50, 32, 41, 30, 33, 8
8, 50, 39, 46, 29, 46, 23
2, 100, 85, 85, 85, 73, 0
3, 100, 55, 71, 42, 60, 0
4, 100, 81, 94, 81, 92, 0
5, 100, 68, 73, 60, 76, 1
6, 100, 100, 100, 69, 100, 2
7, 100, 84, 88, 65, 83, 9
8, 100, 68, 87, 52, 76, 33
2, 500, 312, 312, 211, 257, 0
3, 500, 352, 443, 352, 421, 0
4, 500, 358, 415, 358, 365, 1
5, 500, 416, 477, 416, 475, 2
6, 500, 342, 364, 243, 313, 7
7, 500, 411, 435, 329, 426, 24
8, 500, 344, 409, 252, 373, 94
2, 10, 7, 7, 7, 7, 0
3, 10, 6, 9, 6, 8, 0
4, 10, 7, 9, 7, 8, 0
5, 10, 5, 7, 5, 6, 0
6, 10, 9, 9, 7, 8, 2
7, 10, 8, 8, 8, 8, 6
8, 10, 8, 8, 8, 10, 17
2, 50, 50, 50, 50, 50, 0
3, 50, 44, 43, 30, 43, 0
4, 50, 38, 43, 24, 44, 0
5, 50, 42, 43, 35, 41, 1
6, 50, 41, 45, 33, 45, 3
7, 50, 42, 41, 40, 35, 12
8, 50, 33, 45, 34, 41, 23
2, 100, 71, 75, 71, 63, 0
3, 100, 54, 63, 33, 64, 0
4, 100, 62, 67, 55, 51, 0
5, 100, 68, 80, 61, 70, 1
6, 100, 88, 89, 74, 81, 3
7, 100, 72, 79, 54, 65, 9
8, 100, 88, 89, 73, 89, 28
2, 500, 500, 500, 0, 500, 0
3, 500, 308, 383, 240, 313, 0
4, 500, 378, 399, 378, 375, 0
5, 500, 397, 444, 351, 421, 2
6, 500, 372, 423, 372, 399, 6
7, 500, 389, 408, 339, 381, 24
8, 500, 347, 414, 281, 377, 90
2, 10, 10, 10, 10, 9, 0
3, 10, 10, 8, 8, 9, 0
4, 10, 7, 7, 7, 8, 0
5, 10, 9, 9, 9, 9, 1
6, 10, 5, 5, 5, 6, 3
7, 10, 9, 5, 8, 9, 6
8, 10, 5, 7, 8, 8, 24
2, 50, 31, 36, 14, 31, 0
3, 50, 27, 39, 15, 37, 0
4, 50, 38, 38, 14, 34, 0
5, 50, 31, 29, 23, 32, 1
6, 50, 33, 42, 14, 34, 2
7, 50, 41, 38, 26, 42, 7
8, 50, 39, 42, 25, 41, 24
2, 100, 94, 94, 94, 94, 0
3, 100, 52, 58, 42, 52, 0
4, 100, 76, 93, 76, 94, 0
5, 100, 86, 86, 14, 81, 1
6, 100, 67, 75, 51, 64, 3
7, 100, 85, 85, 18, 76, 8
8, 100, 73, 82, 48, 79, 28
2, 500, 385, 500, 385, 500, 0
3, 500, 442, 472, 442, 460, 0
4, 500, 349, 381, 172, 341, 1
5, 500, 388, 398, 136, 374, 2
6, 500, 461, 461, 209, 451, 6
7, 500, 415, 434, 334, 423, 22
8, 500, 321, 379, 321, 337, 87
2, 10, 8, 6, 8, 7, 0
3, 10, 9, 9, 7, 10, 0
4, 10, 4, 7, 6, 3, 0
5, 10, 8, 6, 6, 9, 1
6, 10, 9, 9, 9, 8, 2
7, 10, 10, 10, 5, 10, 6
8, 10, 6, 8, 3, 8, 19
2, 50, 41, 41, 41, 36, 0
3, 50, 31, 34, 27, 25, 0
4, 50, 44, 50, 44, 50, 0
5, 50, 48, 48, 33, 46, 1
6, 50, 36, 37, 35, 33, 3
7, 50, 39, 41, 37, 36, 7
8, 50, 40, 46, 40, 41, 22
2, 100, 53, 51, 53, 56, 0
3, 100, 60, 73, 44, 63, 0
4, 100, 45, 59, 45, 53, 0
5, 100, 83, 87, 83, 85, 1
6, 100, 84, 81, 84, 89, 3
7, 100, 64, 60, 57, 60, 8
8, 100, 58, 70, 50, 59, 26
2, 500, 325, 357, 325, 296, 0
3, 500, 467, 467, 467, 454, 0
4, 500, 363, 363, 139, 341, 0
5, 500, 259, 319, 187, 307, 2
6, 500, 385, 419, 344, 402, 7
7, 500, 414, 450, 278, 441, 21
8, 500, 388, 394, 312, 382, 86
2, 10, 8, 8, 2, 7, 0
3, 10, 5, 7, 7, 10, 0
4, 10, 10, 8, 9, 7, 0
5, 10, 10, 10, 10, 8, 1
6, 10, 8, 9, 5, 9, 2
7, 10, 8, 7, 4, 9, 5
8, 10, 7, 8, 5, 8, 17
2, 50, 30, 32, 18, 30, 0
3, 50, 42, 43, 42, 39, 0
4, 50, 39, 36, 37, 35, 0
5, 50, 32, 37, 25, 34, 1
6, 50, 34, 38, 18, 36, 3
7, 50, 43, 45, 34, 42, 6
8, 50, 41, 38, 35, 38, 22
2, 100, 75, 75, 54, 67, 0
3, 100, 71, 75, 45, 58, 0
4, 100, 71, 85, 56, 85, 0
5, 100, 84, 86, 49, 88, 1
6, 100, 64, 85, 64, 80, 3
7, 100, 80, 85, 34, 75, 9
8, 100, 81, 89, 80, 87, 29
2, 500, 310, 310, 237, 267, 0
3, 500, 341, 364, 212, 329, 0
4, 500, 368, 380, 126, 369, 0
5, 500, 402, 482, 402, 469, 2
6, 500, 441, 479, 361, 471, 7
7, 500, 407, 423, 407, 392, 22
8, 500, 396, 436, 396, 404, 86
2, 10, 9, 9, 6, 9, 0
3, 10, 9, 9, 8, 6, 0
4, 10, 7, 7, 5, 7, 0
5, 10, 8, 8, 6, 10, 1
6, 10, 7, 7, 8, 8, 2
7, 10, 7, 8, 6, 9, 5
8, 10, 6, 7, 5, 9, 17
2, 50, 46, 47, 46, 48, 0
3, 50, 46, 46, 46, 40, 0
4, 50, 45, 50, 45, 50, 0
5, 50, 39, 47, 33, 45, 1
6, 50, 34, 46, 31, 45, 2
7, 50, 40, 38, 37, 40, 7
8, 50, 38, 40, 38, 37, 27
2, 100, 100, 100, 100, 100, 0
3, 100, 91, 98, 91, 97, 0
4, 100, 90, 84, 90, 86, 0
5, 100, 67, 82, 67, 82, 1
6, 100, 91, 89, 91, 86, 6
7, 100, 76, 81, 25, 76, 8
8, 100, 75, 76, 74, 67, 30
2, 500, 500, 500, 500, 500, 0
3, 500, 500, 500, 500, 500, 0
4, 500, 329, 364, 329, 305, 0
5, 500, 358, 412, 307, 369, 2
6, 500, 421, 461, 325, 441, 8
7, 500, 374, 424, 335, 385, 23
8, 500, 383, 437, 275, 410, 85
2, 10, 8, 8, 8, 9, 0
3, 10, 7, 7, 2, 7, 0
4, 10, 4, 6, 6, 6, 0
5, 10, 9, 10, 7, 10, 0
6, 10, 7, 7, 4, 8, 1
7, 10, 7, 9, 4, 5, 5
8, 10, 9, 9, 9, 8, 18
2, 50, 30, 30, 30, 27, 0
3, 50, 40, 44, 33, 42, 0
4, 50, 41, 40, 35, 43, 0
5, 50, 30, 37, 16, 35, 1
6, 50, 33, 34, 33, 32, 3
7, 50, 43, 42, 36, 45, 7
8, 50, 44, 38, 39, 40, 22
2, 100, 56, 69, 56, 59, 0
3, 100, 54, 73, 54, 68, 0
4, 100, 100, 100, 0, 100, 0
5, 100, 85, 81, 80, 84, 1
6, 100, 95, 100, 95, 100, 3
7, 100, 74, 88, 68, 80, 9
8, 100, 85, 83, 77, 83, 30
2, 500, 386, 386, 114, 340, 0
3, 500, 476, 476, 476, 462, 0
4, 500, 430, 452, 430, 424, 1
5, 500, 360, 405, 310, 381, 2
6, 500, 418, 448, 418, 419, 6
7, 500, 408, 422, 339, 389, 22
8, 500, 378, 425, 354, 395, 81
2, 10, 8, 9, 8, 8, 0
3, 10, 9, 9, 1, 9, 0
4, 10, 8, 7, 7, 5, 0
5, 10, 9, 9, 9, 9, 1
6, 10, 10, 10, 9, 10, 2
7, 10, 7, 8, 7, 7, 5
8, 10, 5, 7, 7, 8, 16
2, 50, 42, 46, 42, 44, 0
3, 50, 37, 34, 23, 29, 0
4, 50, 40, 43, 30, 45, 0
5, 50, 44, 43, 38, 44, 1
6, 50, 27, 32, 19, 34, 3
7, 50, 39, 44, 31, 37, 7
8, 50, 39, 36, 38, 36, 21
2, 100, 82, 100, 82, 100, 0
3, 100, 78, 78, 35, 70, 0
4, 100, 64, 70, 64, 57, 0
5, 100, 80, 89, 55, 85, 1
6, 100, 87, 87, 12, 82, 4
7, 100, 70, 72, 48, 68, 9
8, 100, 81, 82, 81, 77, 26
2, 500, 356, 356, 238, 316, 0
3, 500, 392, 448, 305, 435, 0
4, 500, 305, 358, 305, 296, 1
5, 500, 440, 458, 440, 448, 2
6, 500, 374, 399, 334, 361, 6
7, 500, 303, 358, 254, 287, 22
8, 500, 270, 326, 245, 310, 84
2, 10, 8, 8, 8, 6, 0
3, 10, 9, 9, 8, 8, 0
4, 10, 9, 9, 8, 9, 0
5, 10, 10, 10, 7, 7, 1
6, 10, 6, 9, 9, 8, 2
7, 10, 9, 8, 9, 8, 5
8, 10, 5, 4, 5, 7, 16
2, 50, 33, 50, 33, 50, 0
3, 50, 28, 38, 28, 33, 0
4, 50, 31, 44, 31, 35, 0
5, 50, 36, 35, 36, 33, 1
6, 50, 38, 42, 34, 39, 2
7, 50, 33, 36, 26, 35, 7
8, 50, 31, 40, 26, 40, 21
2, 100, 69, 100, 69, 100, 0
3, 100, 96, 96, 96, 93, 0
4, 100, 74, 75, 32, 64, 0
5, 100, 78, 82, 21, 73, 1
6, 100, 76, 83, 68, 84, 3
7, 100, 92, 93, 81, 89, 8
8, 100, 75, 93, 66, 86, 29
2, 500, 375, 375, 125, 339, 0
3, 500, 443, 472, 443, 465, 0
4, 500, 339, 371, 275, 335, 1
5, 500, 385, 433, 385, 411, 2
6, 500, 410, 430, 256, 412, 7
7, 500, 380, 427, 380, 390, 22
8, 500, 394, 438, 332, 425, 86
2, 10, 9, 9, 7, 6, 0
3, 10, 9, 9, 9, 7, 0
4, 10, 10, 10, 7, 10, 0
5, 10, 6, 9, 7, 9, 1
6, 10, 8, 8, 8, 8, 2
7, 10, 7, 8, 7, 8, 6
8, 10, 6, 5, 7, 7, 18
2, 50, 28, 35, 21, 22, 0
3, 50, 34, 37, 31, 34, 0
4, 50, 29, 29, 30, 27, 0
5, 50, 45, 45, 19, 48, 1
6, 50, 44, 44, 41, 43, 3
7, 50, 37, 38, 17, 37, 7
8, 50, 41, 41, 39, 38, 22
2, 100, 81, 81, 59, 61, 0
3, 100, 81, 81, 57, 71, 0
4, 100, 87, 88, 75, 85, 0
5, 100, 94, 97, 94, 96, 1
6, 100, 88, 89, 80, 84, 2
7, 100, 88, 90, 88, 86, 9
8, 100, 73, 80, 62, 77, 27
2, 500, 434, 473, 434, 461, 0
3, 500, 363, 420, 363, 400, 0
4, 500, 358, 392, 234, 358, 0
5, 500, 441, 470, 184, 459, 2
6, 500, 416, 437, 373, 411, 6
7, 500, 393, 416, 349, 366, 22
8, 500, 350, 375, 256, 320, 86
2, 10, 8, 8, 2, 9, 0
3, 10, 8, 8, 9, 7, 0
4, 10, 6, 6, 6, 8, 0
5, 10, 8, 8, 7, 9, 0
6, 10, 8, 8, 8, 10, 2
7, 10, 7, 9, 7, 9, 9
8, 10, 9, 9, 9, 10, 17
2, 50, 50, 50, 50, 50, 0
3, 50, 39, 44, 32, 44, 0
4, 50, 41, 41, 25, 31, 0
5, 50, 25, 36, 25, 40, 1
6, 50, 44, 40, 44, 42, 2
7, 50, 43, 43, 23, 41, 8
8, 50, 29, 38, 25, 34, 26
2, 100, 86, 86, 86, 80, 0
3, 100, 100, 100, 0, 100, 0
4, 100, 88, 92, 88, 87, 0
5, 100, 68, 69, 39, 68, 3
6, 100, 80, 91, 73, 89, 3
7, 100, 86, 88, 75, 80, 11
8, 100, 68, 83, 39, 85, 30
2, 500, 375, 500, 375, 500, 0
3, 500, 355, 414, 355, 372, 0
4, 500, 436, 436, 132, 420, 0
5, 500, 360, 429, 230, 396, 2
6, 500, 381, 429, 338, 411, 6
7, 500, 413, 425, 382, 386, 24
8, 500, 420, 459, 327, 447, 81
2, 10, 5, 7, 5, 6, 0
3, 10, 4, 5, 4, 6, 0
4, 10, 9, 9, 9, 9, 0
5, 10, 10, 10, 7, 9, 0
6, 10, 5, 5, 4, 10, 2
7, 10, 8, 8, 8, 6, 7
8, 10, 6, 8, 6, 7, 18
2, 50, 50, 50, 50, 50, 0
3, 50, 42, 42, 8, 41, 0
4, 50, 34, 38, 34, 37, 0
5, 50, 33, 37, 13, 37, 1
6, 50, 40, 38, 37, 33, 2
7, 50, 32, 37, 30, 36, 7
8, 50, 45, 45, 43, 46, 21
2, 100, 72, 68, 72, 51, 0
3, 100, 75, 75, 29, 67, 0
4, 100, 89, 89, 25, 86, 0
5, 100, 100, 100, 31, 100, 1
6, 100, 82, 87, 57, 83, 3
7, 100, 82, 80, 67, 83, 8
8, 100, 76, 79, 63, 75, 27
2, 500, 312, 312, 228, 275, 0
3, 500, 367, 367, 288, 313, 0
4, 500, 432, 464, 370, 455, 0
5, 500, 364, 392, 293, 359, 2
6, 500, 360, 390, 298, 368, 6
7, 500, 343, 399, 272, 352, 22
8, 500, 384, 416, 332, 409, 82
2, 10, 8, 7, 4, 3, 0
3, 10, 10, 8, 8, 9, 0
4, 10, 8, 9, 8, 8, 0
5, 10, 10, 7, 1, 10, 0
6, 10, 4, 8, 5, 9, 1
7, 10, 6, 7, 7, 9, 7
8, 10, 6, 6, 8, 6, 16
2, 50, 27, 32, 27, 30, 0
3, 50, 37, 46, 37, 46, 0
4, 50, 44, 45, 44, 41, 0
5, 50, 38, 35, 36, 34, 1
6, 50, 45, 45, 37, 39, 2
7, 50, 40, 39, 35, 42, 6
8, 50, 31, 38, 29, 28, 22
2, 100, 100, 100, 100, 100, 0
3, 100, 91, 98, 91, 94, 0
4, 100, 84, 90, 54, 88, 0
5, 100, 75, 76, 75, 70, 1
6, 100, 70, 77, 70, 61, 3
7, 100, 79, 89, 47, 80, 8
8, 100, 79, 75, 68, 82, 27
2, 500, 302, 302, 208, 279, 0
3, 500, 335, 364, 335, 318, 0
4, 500, 367, 386, 189, 342, 0
5, 500, 413, 448, 370, 427, 2
6, 500, 390, 445, 270, 434, 6
7, 500, 385, 438, 283, 425, 21
8, 500, 324, 359, 259, 337, 82
2, 10, 8, 8, 8, 9, 0
3, 10, 9, 9, 4, 9, 0
4, 10, 6, 6, 5, 5, 0
5, 10, 9, 9, 9, 10, 0
6, 10, 8, 8, 6, 10, 2
7, 10, 5, 5, 6, 9, 6
8, 10, 7, 7, 6, 9, 17
2, 50, 50, 50, 50, 50, 0
3, 50, 26, 22, 22, 30, 0
4, 50, 32, 32, 25, 33, 0
5, 50, 25, 39, 19, 35, 1
6, 50, 40, 43, 28, 37, 3
7, 50, 28, 35, 22, 29, 7
8, 50, 35, 39, 15, 39, 20
2, 100, 81, 81, 56, 71, 0
3, 100, 89, 89, 89, 87, 0
4, 100, 73, 82, 73, 76, 0
5, 100, 82, 85, 82, 87, 1
6, 100, 73, 92, 60, 90, 3
7, 100, 80, 80, 58, 81, 8
8, 100, 85, 81, 82, 87, 27
2, 500, 373, 500, 373, 500, 0
3, 500, 414, 414, 159, 386, 0
4, 500, 397, 397, 226, 366, 0
5, 500, 383, 482, 383, 467, 2
6, 500, 325, 368, 286, 318, 6
7, 500, 351, 374, 351, 301, 22
8, 500, 436, 453, 259, 445, 81
2, 10, 7, 6, 7, 7, 0
3, 10, 4, 4, 2, 5, 0
4, 10, 8, 9, 7, 8, 0
5, 10, 7, 7, 4, 9, 0
6, 10, 5, 6, 5, 8, 2
7, 10, 6, 7, 8, 10, 5
8, 10, 8, 9, 6, 4, 16
2, 50, 26, 32, 26, 25, 0
3, 50, 45, 50, 29, 50, 0
4, 50, 48, 48, 24, 43, 0
5, 50, 38, 37, 31, 39, 1
6, 50, 38, 39, 35, 37, 3
7, 50, 47, 40, 42, 45, 7
8, 50, 41, 42, 35, 43, 20
2, 100, 84, 93, 84, 89, 0
3, 100, 57, 70, 33, 61, 0
4, 100, 84, 94, 84, 83, 0
5, 100, 100, 100, 30, 100, 1
6, 100, 72, 77, 55, 78, 2
7, 100, 75, 81, 64, 68, 8
8, 100, 75, 86, 52, 73, 25
2, 500, 370, 370, 238, 332, 0
3, 500, 369, 382, 369, 322, 0
4, 500, 445, 445, 445, 424, 0
5, 500, 380, 404, 380, 365, 2
6, 500, 401, 429, 401, 413, 6
7, 500, 339, 394, 301, 347, 22
8, 500, 432, 466, 375, 452, 80
2, 10, 5, 10, 5, 10, 0
3, 10, 8, 8, 10, 5, 0
4, 10, 9, 8, 5, 8, 0
5, 10, 9, 9, 8, 8, 0
6, 10, 6, 9, 5, 9, 2
7, 10, 6, 6, 6, 4, 6
8, 10, 7, 7, 6, 5, 16
2, 50, 34, 32, 34, 29, 0
3, 50, 24, 30, 24, 25, 0
4, 50, 42, 43, 24, 37, 0
5, 50, 38, 36, 31, 42, 1
6, 50, 39, 40, 35, 34, 2
7, 50, 35, 35, 33, 40, 6
8, 50, 34, 34, 31, 41, 21
2, 100, 66, 66, 34, 63, 0
3, 100, 71, 86, 71, 74, 0
4, 100, 74, 78, 74, 67, 0
5, 100, 67, 70, 61, 69, 1
6, 100, 88, 90, 88, 85, 3
7, 100, 86, 87, 86, 86, 8
8, 100, 74, 73, 68, 74, 27
2, 500, 403, 403, 403, 349, 0
3, 500, 420, 500, 420, 500, 0
4, 500, 415, 461, 295, 444, 0
5, 500, 437, 454, 191, 440, 2
6, 500, 408, 449, 408, 440, 6
7, 500, 428, 433, 382, 423, 23
8, 500, 380, 409, 346, 381, 83
2, 10, 6, 5, 5, 5, 0
3, 10, 3, 10, 3, 9, 0
4, 10, 8, 8, 7, 10, 0
5, 10, 4, 6, 1, 7, 1
6, 10, 6, 6, 6, 8, 2
7, 10, 5, 7, 7, 5, 6
8, 10, 8, 7, 7, 7, 17
2, 50, 50, 50, 0, 50, 0
3, 50, 50, 50, 50, 50, 0
4, 50, 41, 46, 41, 44, 0
5, 50, 34, 32, 19, 35, 1
6, 50, 44, 44, 35, 43, 2
7, 50, 35, 40, 35, 38, 7
8, 50, 43, 40, 39, 42, 20
2, 100, 83, 100, 83, 100, 0
3, 100, 95, 95, 95, 93, 0
4, 100, 91, 91, 9, 87, 0
5, 100, 73, 75, 66, 71, 1
6, 100, 72, 76, 60, 70, 3
7, 100, 89, 92, 36, 86, 9
8, 100, 74, 76, 62, 69, 27
2, 500, 364, 364, 257, 308, 0
3, 500, 389, 439, 310, 414, 0
4, 500, 307, 341, 171, 292, 1
5, 500, 464, 464, 464, 453, 2
6, 500, 356, 389, 356, 358, 6
7, 500, 317, 397, 256, 375, 22
8, 500, 344, 393, 280, 357, 81
2, 10, 9, 9, 9, 10, 0
3, 10, 10, 10, 10, 7, 0
4, 10, 9, 9, 8, 9, 0
5, 10, 6, 6, 6, 7, 0
6, 10, 8, 9, 7, 10, 2
7, 10, 7, 6, 8, 8, 6
8, 10, 6, 5, 6, 8, 17
2, 50, 36, 50, 36, 50, 0
3, 50, 37, 40, 37, 41, 0
4, 50, 31, 31, 20, 32, 0
5, 50, 44, 48, 44, 46, 1
6, 50, 37, 36, 37, 33, 2
7, 50, 38, 38, 18, 39, 7
8, 50, 37, 44, 37, 40, 21
2, 100, 56, 79, 56, 69, 0
3, 100, 87, 87, 87, 76, 0
4, 100, 91, 100, 62, 100, 0
5, 100, 84, 84, 84, 81, 1
6, 100, 76, 89, 76, 81, 3
7, 100, 89, 93, 52, 92, 9
8, 100, 81, 93, 81, 85, 26
2, 500, 500, 500, 500, 500, 0
3, 500, 305, 305, 231, 261, 0
4, 500, 288, 328, 267, 297, 0
5, 500, 306, 355, 306, 316, 2
6, 500, 306, 331, 229, 278, 6
7, 500, 437, 437, 115, 406, 21
8, 500, 355, 427, 147, 390, 79
2, 10, 7, 6, 4, 7, 0
3, 10, 6, 6, 7, 5, 0
4, 10, 8, 8, 5, 7, 0
5, 10, 8, 8, 8, 8, 1
6, 10, 7, 7, 9, 8, 2
7, 10, 6, 7, 8, 5, 7
8, 10, 9, 9, 9, 9, 16
2, 50, 36, 46, 36, 46, 0
3, 50, 39, 50, 39, 50, 0
4, 50, 35, 43, 35, 36, 0
5, 50, 36, 48, 24, 46, 1
6, 50, 36, 46, 36, 44, 2
7, 50, 40, 40, 35, 39, 6
8, 50, 39, 40, 38, 43, 23
2, 100, 100, 100, 100, 100, 0
3, 100, 72, 94, 52, 84, 0
4, 100, 74, 82, 55, 74, 0
5, 100, 66, 71, 41, 67, 1
6, 100, 83, 92, 59, 88, 3
7, 100, 83, 94, 78, 88, 9
8, 100, 74, 84, 61, 75, 27
2, 500, 313, 369, 313, 316, 0
3, 500, 302, 365, 141, 335, 0
4, 500, 294, 338, 294, 298, 1
5, 500, 308, 343, 175, 310, 2
6, 500, 377, 395, 341, 331, 6
7, 500, 365, 425, 307, 401, 21
8, 500, 328, 377, 202, 323, 83
2, 10, 5, 8, 5, 7, 0
3, 10, 8, 7, 6, 5, 0
4, 10, 5, 8, 5, 8, 0
5, 10, 8, 7, 7, 6, 1
6, 10, 9, 9, 7, 9, 2
7, 10, 8, 7, 7, 6, 6
8, 10, 7, 8, 5, 10, 16
2, 50, 38, 38, 25, 35, 0
3, 50, 39, 39, 13, 38, 0
4, 50, 43, 42, 43, 39, 0
5, 50, 32, 32, 32, 30, 1
6, 50, 32, 33, 29, 34, 2
7, 50, 41, 44, 28, 39, 7
8, 50, 44, 42, 18, 39, 21
2, 100, 91, 91, 91, 87, 0
3, 100, 92, 74, 92, 88, 0
4, 100, 76, 76, 23, 69, 0
5, 100, 72, 85, 72, 80, 1
6, 100, 66, 74, 49, 72, 3
7, 100, 64, 82, 64, 74, 9
8, 100, 63, 73, 55, 75, 30
2, 500, 404, 404, 404, 347, 0
3, 500, 371, 457, 297, 427, 0
4, 500, 440, 451, 440, 440, 1
5, 500, 413, 413, 208, 364, 2
6, 500, 409, 440, 363, 425, 6
7, 500, 382, 433, 382, 415, 22
8, 500, 375, 422, 340, 392, 87
2, 10, 8, 8, 5, 5, 0
3, 10, 7, 8, 3, 9, 0
4, 10, 8, 7, 4, 7, 0
5, 10, 7, 8, 6, 8, 0
6, 10, 8, 4, 8, 5, 2
7, 10, 9, 8, 9, 10, 6
8, 10, 7, 7, 10, 10, 19
2, 50, 46, 46, 46, 42, 0
3, 50, 39, 50, 39, 50, 0
4, 50, 41, 47, 41, 45, 0
5, 50, 46, 42, 41, 43, 1
6, 50, 33, 34, 15, 31, 3
7, 50, 48, 45, 25, 45, 10
8, 50, 42, 42, 43, 41, 22
2, 100, 62, 62, 40, 46, 0
3, 100, 62, 70, 32, 73, 0
4, 100, 100, 100, 0, 100, 0
5, 100, 86, 96, 64, 95, 1
6, 100, 80, 89, 71, 87, 4
7, 100, 69, 75, 48, 67, 12
8, 100, 77, 86, 70, 68, 39
2, 500, 500, 500, 500, 500, 0
3, 500, 478, 478, 478, 466, 0
4, 500, 428, 456, 428, 441, 0
5, 500, 446, 457, 446, 442, 2
6, 500, 415, 422, 237, 409, 7
7, 500, 357, 439, 357, 416, 27
8, 500, 369, 409, 298, 392, 97
2, 10, 9, 8, 9, 9, 0
3, 10, 8, 9, 7, 9, 0
4, 10, 10, 10, 8, 9, 0
5, 10, 8, 8, 8, 9, 1
6, 10, 10, 8, 6, 7, 2
7, 10, 9, 9, 9, 8, 7
8, 10, 8, 7, 7, 7, 24
2, 50, 50, 50, 0, 50, 0
3, 50, 42, 42, 8, 35, 0
4, 50, 42, 45, 30, 45, 0
5, 50, 39, 41, 36, 33, 1
6, 50, 38, 42, 36, 40, 2
7, 50, 45, 46, 42, 48, 8
8, 50, 42, 44, 42, 43, 24
2, 100, 47, 73, 47, 73, 0
3, 100, 78, 90, 78, 84, 0
4, 100, 94, 94, 77, 93, 0
5, 100, 86, 89, 86, 91, 1
6, 100, 79, 81, 70, 80, 3
7, 100, 76, 82, 43, 84, 8
8, 100, 77, 81, 53, 84, 26
2, 500, 342, 362, 342, 295, 0
3, 500, 368, 368, 304, 330, 0
4, 500, 372, 399, 158, 360, 0
5, 500, 431, 449, 431, 433, 2
6, 500, 444, 480, 444, 479, 7
7, 500, 359, 420, 249, 380, 25
8, 500, 427, 449, 363, 435, 102
2, 10, 10, 10, 10, 10, 0
3, 10, 6, 9, 4, 7, 0
4, 10, 6, 8, 6, 9, 0
5, 10, 7, 9, 3, 9, 0
6, 10, 7, 7, 7, 8, 2
7, 10, 8, 8, 7, 7, 5
8, 10, 5, 3, 5, 8, 16
2, 50, 48, 48, 48, 47, 0
3, 50, 33, 34, 33, 31, 0
4, 50, 32, 39, 20, 36, 0
5, 50, 37, 42, 34, 39, 1
6, 50, 43, 41, 32, 42, 2
7, 50, 34, 42, 29, 36, 7
8, 50, 33, 32, 29, 31, 21
2, 100, 62, 62, 50, 41, 0
3, 100, 75, 78, 75, 65, 0
4, 100, 82, 85, 82, 82, 0
5, 100, 91, 100, 55, 100, 1
6, 100, 81, 87, 71, 85, 4
7, 100, 66, 77, 56, 76, 8
8, 100, 68, 81, 55, 75, 28
2, 500, 500, 500, 500, 500, 0
3, 500, 416, 500, 238, 500, 1
4, 500, 328, 372, 253, 327, 1
5, 500, 452, 470, 346, 451, 2
6, 500, 426, 472, 426, 453, 7
7, 500, 392, 402, 143, 379, 31
8, 500, 391, 435, 328, 396, 82
2, 10, 8, 8, 3, 6, 0
3, 10, 8, 10, 6, 10, 0
4, 10, 10, 10, 9, 10, 0
5, 10, 7, 6, 3, 6, 0
6, 10, 8, 8, 6, 7, 2
7, 10, 7, 7, 7, 7, 6
8, 10, 7, 7, 5, 8, 18
2, 50, 40, 50, 40, 50, 0
3, 50, 50, 50, 50, 50, 0
4, 50, 34, 37, 16, 38, 0
5, 50, 30, 33, 30, 21, 1
6, 50, 31, 32, 31, 27, 3
7, 50, 39, 37, 24, 39, 7
8, 50, 31, 45, 25, 37, 21
2, 100, 61, 71, 29, 70, 0
3, 100, 89, 97, 89, 96, 0
4, 100, 85, 90, 73, 87, 0
5, 100, 82, 97, 70, 92, 1
6, 100, 83, 89, 83, 86, 3
7, 100, 87, 91, 87, 79, 8
8, 100, 82, 80, 74, 80, 28
2, 500, 378, 378, 247, 340, 0
3, 500, 369, 439, 369, 430, 0
4, 500, 333, 370, 274, 319, 1
5, 500, 401, 401, 175, 371, 2
6, 500, 323, 378, 280, 340, 6
7, 500, 445, 477, 238, 476, 22
8, 500, 378, 394, 343, 359, 83
2, 10, 10, 10, 10, 10, 0
3, 10, 8, 7, 8, 6, 0
4, 10, 6, 6, 6, 4, 0
5, 10, 7, 7, 7, 8, 1
6, 10, 10, 10, 10, 9, 2
7, 10, 6, 8, 4, 8, 5
8, 10, 10, 10, 7, 9, 16
2, 50, 35, 35, 24, 25, 0
3, 50, 37, 38, 37, 39, 0
4, 50, 37, 43, 11, 40, 0
5, 50, 42, 48, 26, 44, 1
6, 50, 35, 37, 31, 39, 2
7, 50, 37, 48, 37, 44, 8
8, 50, 37, 46, 37, 45, 24
2, 100, 70, 75, 70, 57, 0
3, 100, 83, 83, 83, 77, 0
4, 100, 97, 97, 82, 96, 0
5, 100, 73, 78, 35, 72, 1
6, 100, 72, 84, 29, 70, 4
7, 100, 73, 65, 48, 68, 8
8, 100, 79, 77, 67, 70, 30
2, 500, 428, 454, 428, 447, 0
3, 500, 390, 438, 306, 418, 1
4, 500, 368, 403, 368, 368, 1
5, 500, 394, 417, 394, 349, 5
6, 500, 334, 390, 334, 339, 9
7, 500, 364, 430, 289, 415, 29
8, 500, 428, 444, 187, 426, 89
2, 10, 4, 6, 4, 3, 0
3, 10, 6, 7, 6, 7, 0
4, 10, 7, 7, 6, 10, 0
5, 10, 6, 4, 3, 7, 0
6, 10, 8, 9, 5, 7, 3
7, 10, 10, 10, 1, 10, 8
8, 10, 10, 9, 5, 10, 21
2, 50, 39, 46, 39, 45, 0
3, 50, 43, 50, 43, 50, 0
4, 50, 37, 48, 21, 44, 0
5, 50, 40, 44, 29, 40, 1
6, 50, 43, 45, 27, 44, 2
7, 50, 36, 43, 32, 33, 10
8, 50, 40, 40, 35, 34, 25
2, 100, 100, 100, 100, 100, 0
3, 100, 67, 84, 36, 70, 0
4, 100, 80, 80, 80, 76, 0
5, 100, 62, 75, 62, 61, 1
6, 100, 63, 73, 56, 71, 3
7, 100, 86, 96, 76, 96, 9
8, 100, 76, 80, 51, 83, 27
2, 500, 377, 377, 123, 328, 0
3, 500, 350, 381, 243, 332, 0
4, 500, 354, 393, 224, 372, 0
5, 500, 359, 381, 181, 330, 2
6, 500, 414, 414, 88, 393, 6
7, 500, 369, 396, 184, 370, 21
8, 500, 414, 422, 149, 390, 80
2, 10, 10, 10, 10, 10, 0
3, 10, 10, 10, 0, 10, 0
4, 10, 8, 8, 7, 7, 0
5, 10, 6, 9, 4, 6, 0
6, 10, 7, 7, 4, 9, 2
7, 10, 9, 9, 10, 10, 6
8, 10, 2, 4, 3, 9, 16
2, 50, 24, 24, 26, 21, 0
3, 50, 50, 50, 50, 50, 0
4, 50, 40, 45, 40, 40, 0
5, 50, 43, 42, 37, 40, 1
6, 50, 35, 36, 35, 40, 2
7, 50, 42, 43, 41, 44, 7
8, 50, 26, 43, 26, 40, 21
2, 100, 62, 73, 27, 62, 0
3, 100, 81, 81, 36, 79, 0
4, 100, 73, 82, 67, 74, 0
5, 100, 87, 87, 77, 66, 1
6, 100, 88, 88, 33, 82, 2
7, 100, 93, 93, 93, 92, 9
8, 100, 82, 85, 67, 87, 26
2, 500, 432, 456, 432, 451, 0
3, 500, 414, 451, 303, 429, 0
4, 500, 336, 384, 292, 314, 0
5, 500, 367, 386, 314, 324, 2
6, 500, 446, 448, 446, 432, 6
7, 500, 388, 422, 325, 397, 22
8, 500, 405, 440, 306, 419, 87
2, 10, 6, 7, 4, 4, 0
3, 10, 3, 3, 7, 5, 0
4, 10, 7, 7, 5, 8, 0
5, 10, 8, 9, 3, 9, 0
6, 10, 9, 9, 9, 9, 2
7, 10, 8, 9, 8, 7, 7
8, 10, 7, 6, 6, 8, 17
2, 50, 38, 38, 29, 31, 0
3, 50, 38, 43, 38, 40, 0
4, 50, 33, 41, 34, 36, 0
5, 50, 37, 46, 32, 38, 1
6, 50, 38, 42, 31, 37, 2
7, 50, 32, 32, 32, 34, 7
8, 50, 44, 46, 18, 42, 20
2, 100, 97, 97, 97, 89, 0
3, 100, 76, 86, 64, 82, 0
4, 100, 76, 82, 61, 75, 0
5, 100, 86, 96, 86, 93, 1
6, 100, 74, 76, 37, 72, 3
7, 100, 86, 89, 59, 83, 10
8, 100, 77, 74, 57, 68, 26
2, 500, 500, 500, 500, 500, 0
3, 500, 420, 500, 249, 500, 0
4, 500, 305, 305, 237, 262, 0
5, 500, 406, 469, 287, 462, 2
6, 500, 341, 393, 292, 363, 7
7, 500, 324, 368, 296, 344, 22
8, 500, 368, 400, 297, 347, 89
2, 10, 10, 10, 0, 10, 0
3, 10, 8, 6, 8, 7, 0
4, 10, 9, 5, 6, 7, 0
5, 10, 10, 8, 9, 9, 1
6, 10, 7, 7, 6, 10, 3
7, 10, 8, 8, 8, 7, 6
8, 10, 7, 7, 5, 7, 18
2, 50, 44, 44, 44, 45, 0
3, 50, 40, 48, 40, 46, 0
4, 50, 38, 43, 34, 38, 0
5, 50, 36, 40, 36, 41, 1
6, 50, 40, 39, 32, 43, 2
7, 50, 30, 37, 24, 38, 7
8, 50, 39, 38, 29, 38, 27
2, 100, 58, 73, 31, 47, 0
3, 100, 67, 89, 67, 87, 0
4, 100, 83, 83, 53, 75, 0
5, 100, 83, 72, 77, 81, 1
6, 100, 92, 90, 87, 89, 3
7, 100, 81, 86, 67, 83, 14
8, 100, 88, 81, 82, 86, 30
2, 500, 316, 359, 316, 295, 0
3, 500, 367, 447, 367, 421, 0
4, 500, 405, 413, 331, 388, 0
5, 500, 409, 447, 357, 415, 2
6, 500, 367, 420, 367, 390, 6
7, 500, 417, 442, 207, 426, 22
8, 500, 358, 395, 277, 366, 80
2, 10, 10, 10, 0, 10, 0
3, 10, 3, 6, 3, 6, 0
4, 10, 9, 8, 9, 8, 0
5, 10, 4, 7, 2, 9, 0
6, 10, 5, 5, 3, 8, 2
7, 10, 8, 10, 9, 9, 6
8, 10, 5, 6, 6, 6, 21
2, 50, 49, 49, 49, 46, 0
3, 50, 44, 50, 44, 50, 0
4, 50, 30, 39, 30, 44, 1
5, 50, 48, 48, 19, 48, 1
6, 50, 34, 36, 31, 24, 2
7, 50, 33, 39, 33, 39, 10
8, 50, 39, 43, 35, 43, 24
2, 100, 72, 64, 72, 57, 0
3, 100, 69, 80, 67, 74, 0
4, 100, 69, 73, 54, 72, 0
5, 100, 60, 83, 51, 77, 1
6, 100, 80, 81, 37, 80, 4
7, 100, 78, 94, 78, 89, 11
8, 100, 83, 91, 75, 85, 30
2, 500, 389, 389, 260, 330, 0
3, 500, 413, 500, 247, 500, 0
4, 500, 290, 380, 219, 312, 0
5, 500, 324, 374, 276, 313, 2
6, 500, 367, 448, 234, 417, 8
7, 500, 403, 434, 403, 387, 21
8, 500, 338, 368, 289, 305, 79
2, 10, 9, 9, 9, 10, 0
3, 10, 9, 10, 9, 10, 0
4, 10, 5, 8, 5, 9, 0
5, 10, 8, 9, 5, 8, 1
6, 10, 4, 4, 4, 8, 2
7, 10, 6, 8, 8, 9, 5
8, 10, 8, 10, 8, 10, 15
2, 50, 50, 50, 0, 50, 0
3, 50, 48, 46, 48, 45, 0
4, 50, 40, 40, 23, 27, 0
5, 50, 37, 37, 32, 35, 1
6, 50, 33, 36, 28, 34, 4
7, 50, 41, 45, 25, 42, 7
8, 50, 42, 42, 32, 43, 21
2, 100, 73, 100, 73, 100, 0
3, 100, 71, 72, 49, 69, 0
4, 100, 94, 94, 80, 79, 0
5, 100, 80, 93, 68, 91, 1
6, 100, 92, 93, 57, 90, 2
7, 100, 75, 91, 68, 87, 8
8, 100, 69, 82, 60, 77, 26
2, 500, 467, 467, 467, 432, 0
3, 500, 435, 435, 435, 393, 0
4, 500, 333, 412, 333, 412, 0
5, 500, 374, 444, 279, 410, 2
6, 500, 386, 422, 261, 412, 7
7, 500, 338, 403, 240, 375, 21
8, 500, 433, 443, 148, 435, 83
2, 10, 8, 8, 2, 6, 0
3, 10, 10, 10, 10, 10, 0
4, 10, 8, 9, 5, 7, 0
5, 10, 7, 7, 8, 8, 0
6, 10, 7, 7, 7, 7, 2
7, 10, 7, 7, 2, 8, 5
8, 10, 2, 4, 6, 6, 17
2, 50, 41, 45, 41, 41, 0
3, 50, 45, 50, 45, 50, 0
4, 50, 46, 47, 37, 46, 0
5, 50, 36, 37, 30, 27, 1
6, 50, 43, 44, 43, 38, 2
7, 50, 34, 39, 35, 32, 7
8, 50, 39, 45, 34, 41, 21
2, 100, 100, 100, 100, 100, 0
3, 100, 75, 87, 75, 74, 0
4, 100, 60, 70, 50, 57, 0
5, 100, 76, 82, 76, 74, 1
6, 100, 81, 90, 81, 88, 3
7, 100, 73, 77, 47, 74, 8
8, 100, 82, 79, 68, 77, 26
2, 500, 318, 351, 318, 286, 0
3, 500, 336, 423, 336, 395, 0
4, 500, 301, 361, 301, 304, 0
5, 500, 372, 441, 372, 416, 2
6, 500, 445, 466, 445, 449, 6
7, 500, 390, 437, 390, 406, 22
8, 500, 428, 428, 175, 402, 81
2, 10, 10, 10, 0, 10, 0
3, 10, 7, 7, 3, 6, 0
4, 10, 8, 7, 8, 5, 0
5, 10, 7, 7, 7, 9, 1
6, 10, 6, 9, 7, 8, 2
7, 10, 8, 9, 3, 8, 7
8, 10, 6, 6, 2, 8, 16
2, 50, 34, 34, 34, 33, 0
3, 50, 50, 50, 0, 50, 0
4, 50, 41, 31, 35, 38, 0
5, 50, 41, 42, 41, 40, 1
6, 50, 45, 44, 45, 40, 3
7, 50, 45, 46, 42, 41, 8
8, 50, 40, 43, 42, 45, 21
2, 100, 100, 100, 0, 100, 0
3, 100, 89, 84, 89, 82, 0
4, 100, 82, 82, 70, 81, 0
5, 100, 72, 75, 40, 73, 1
6, 100, 70, 86, 61, 81, 2
7, 100, 63, 83, 63, 78, 9
8, 100, 58, 65, 34, 68, 29
2, 500, 293, 371, 129, 332, 0
3, 500, 414, 500, 414, 500, 0
4, 500, 424, 449, 228, 439, 0
5, 500, 324, 358, 273, 307, 3
6, 500, 354, 410, 262, 386, 6
7, 500, 405, 452, 405, 436, 22
8, 500, 390, 427, 390, 401, 78
2, 10, 9, 10, 9, 10, 0
3, 10, 7, 7, 4, 5, 0
4, 10, 6, 7, 6, 4, 0
5, 10, 8, 8, 3, 10, 1
6, 10, 8, 8, 9, 8, 2
7, 10, 8, 8, 8, 7, 5
8, 10, 5, 6, 5, 6, 16
2, 50, 39, 47, 39, 44, 0
3, 50, 45, 45, 37, 42, 0
4, 50, 36, 43, 36, 45, 0
5, 50, 50, 50, 19, 50, 1
6, 50, 46, 43, 40, 44, 3
7, 50, 42, 39, 43, 40, 7
8, 50, 34, 33, 26, 34, 21
2, 100, 69, 100, 69, 100, 0
3, 100, 85, 85, 32, 84, 0
4, 100, 79, 86, 59, 82, 0
5, 100, 69, 83, 65, 72, 1
6, 100, 78, 89, 78, 88, 3
7, 100, 70, 77, 64, 70, 8
8, 100, 71, 78, 42, 66, 26
2, 500, 500, 500, 0, 500, 0
3, 500, 331, 376, 218, 322, 0
4, 500, 416, 416, 355, 388, 1
5, 500, 401, 423, 353, 406, 2
6, 500, 428, 482, 428, 478, 5
7, 500, 376, 444, 338, 439, 21
8, 500, 386, 416, 302, 395, 83
2, 10, 7, 7, 4, 5, 0
3, 10, 10, 10, 3, 10, 0
4, 10, 6, 9, 6, 9, 0
5, 10, 7, 8, 6, 7, 0
6, 10, 7, 8, 6, 8, 2
7, 10, 6, 3, 5, 6, 5
8, 10, 6, 5, 2, 10, 16
2, 50, 42, 48, 42, 45, 0
3, 50, 40, 37, 40, 36, 0
4, 50, 38, 36, 28, 40, 0
5, 50, 40, 29, 37, 38, 1
6, 50, 31, 40, 29, 38, 4
7, 50, 33, 30, 27, 26, 7
8, 50, 39, 43, 32, 42, 21
2, 100, 78, 100, 78, 100, 0
3, 100, 82, 82, 18, 75, 0
4, 100, 82, 93, 62, 89, 0
5, 100, 68, 77, 68, 76, 1
6, 100, 82, 85, 65, 90, 2
7, 100, 84, 83, 62, 86, 8
8, 100, 83, 81, 73, 76, 27
2, 500, 343, 365, 343, 302, 0
3, 500, 435, 435, 435, 412, 0
4, 500, 394, 465, 394, 457, 0
5, 500, 403, 443, 350, 410, 2
6, 500, 424, 426, 384, 414, 6
7, 500, 408, 438, 341, 423, 23
8, 500, 424, 469, 367, 456, 78
2, 10, 10, 10, 10, 10, 0
3, 10, 8, 3, 6, 6, 0
4, 10, 10, 10, 10, 10, 0
5, 10, 8, 8, 8, 9, 0
6, 10, 9, 9, 7, 9, 2
7, 10, 5, 7, 8, 9, 5
8, 10, 8, 8, 9, 7, 15
2, 50, 50, 50, 50, 46, 0
3, 50, 39, 39, 31, 32, 0
4, 50, 34, 39, 34, 41, 0
5, 50, 38, 46, 19, 45, 1
6, 50, 45, 44, 30, 43, 3
7, 50, 42, 43, 29, 37, 7
8, 50, 42, 49, 40, 50, 21
2, 100, 91, 91, 91, 94, 0
3, 100, 56, 72, 56, 66, 0
4, 100, 76, 81, 76, 68, 0
5, 100, 80, 81, 63, 76, 1
6, 100, 78, 85, 35, 85, 2
7, 100, 84, 78, 70, 78, 8
8, 100, 80, 80, 80, 71, 25
2, 500, 373, 500, 373, 500, 0
3, 500, 338, 388, 338, 324, 0
4, 500, 358, 410, 358, 401, 1
5, 500, 393, 435, 337, 422, 2
6, 500, 360, 412, 360, 381, 5
7, 500, 374, 453, 342, 444, 21
8, 500, 357, 389, 357, 347, 80
2, 10, 7, 7, 3, 7, 0
3, 10, 6, 10, 4, 8, 0
4, 10, 10, 10, 10, 10, 0
5, 10, 7, 7, 9, 8, 0
6, 10, 9, 9, 6, 9, 2
7, 10, 8, 7, 5, 9, 6
8, 10, 5, 5, 4, 5, 16
2, 50, 35, 35, 25, 36, 0
3, 50, 37, 36, 26, 29, 0
4, 50, 28, 42, 27, 41, 0
5, 50, 34, 32, 30, 39, 1
6, 50, 31, 38, 31, 39, 2
7, 50, 36, 36, 33, 37, 7
8, 50, 44, 44, 41, 42, 20
2, 100, 73, 73, 50, 69, 0
3, 100, 64, 70, 64, 60, 0
4, 100, 69, 71, 58, 65, 0
5, 100, 69, 85, 47, 88, 2
6, 100, 76, 78, 49, 78, 2
7, 100, 88, 93, 57, 83, 8
8, 100, 83, 88, 83, 89, 28
2, 500, 454, 454, 454, 446, 0
3, 500, 435, 500, 435, 500, 0
4, 500, 365, 401, 365, 373, 0
5, 500, 412, 423, 134, 392, 2
6, 500, 396, 434, 396, 404, 6
7, 500, 432, 441, 393, 412, 23
8, 500, 353, 393, 353, 377, 80
2, 10, 4, 4, 4, 8, 0
3, 10, 4, 4, 4, 10, 0
4, 10, 5, 5, 4, 5, 0
5, 10, 7, 8, 5, 8, 0
6, 10, 5, 4, 4, 7, 2
7, 10, 9, 9, 5, 8, 5
8, 10, 7, 7, 5, 8, 18
2, 50, 19, 30, 19, 25, 0
3, 50, 38, 39, 38, 33, 0
4, 50, 46, 46, 10, 44, 0
5, 50, 46, 48, 46, 44, 1
6, 50, 31, 31, 24, 32, 4
7, 50, 37, 41, 31, 42, 6
8, 50, 46, 44, 43, 41, 22
2, 100, 85, 90, 85, 91, 0
3, 100, 90, 90, 90, 91, 0
4, 100, 72, 78, 58, 77, 0
5, 100, 69, 77, 51, 63, 1
6, 100, 82, 83, 75, 82, 3
7, 100, 64, 64, 30, 65, 9
8, 100, 67, 72, 55, 74, 27
2, 500, 387, 500, 387, 500, 0
3, 500, 331, 361, 214, 300, 0
4, 500, 395, 444, 395, 425, 0
5, 500, 446, 467, 333, 454, 2
6, 500, 359, 446, 277, 423, 6
7, 500, 343, 393, 257, 354, 22
8, 500, 433, 473, 433, 459, 77
2, 10, 6, 6, 4, 5, 0
3, 10, 9, 7, 9, 6, 0
4, 10, 9, 8, 8, 7, 0
5, 10, 9, 9, 5, 9, 0
6, 10, 9, 7, 0, 9, 3
7, 10, 6, 6, 6, 7, 5
8, 10, 6, 7, 5, 7, 16
2, 50, 29, 40, 29, 32, 0
3, 50, 39, 39, 28, 33, 0
4, 50, 38, 40, 38, 38, 0
5, 50, 41, 41, 41, 40, 1
6, 50, 37, 39, 30, 37, 2
7, 50, 34, 33, 28, 24, 7
8, 50, 41, 42, 31, 39, 22
2, 100, 80, 80, 57, 67, 0
3, 100, 78, 78, 78, 69, 0
4, 100, 71, 77, 29, 78, 0
5, 100, 88, 96, 67, 97, 1
6, 100, 81, 81, 81, 88, 4
7, 100, 62, 77, 62, 70, 8
8, 100, 87, 92, 59, 86, 27
2, 500, 420, 464, 420, 451, 0
3, 500, 466, 466, 466, 456, 0
4, 500, 436, 500, 436, 500, 1
5, 500, 357, 409, 300, 379, 2
6, 500, 305, 359, 242, 308, 6
7, 500, 311, 363, 218, 311, 21
8, 500, 420, 453, 420, 435, 78
2, 10, 8, 8, 10, 9, 0
3, 10, 10, 10, 8, 9, 0
4, 10, 5, 7, 6, 7, 0
5, 10, 9, 5, 6, 8, 0
6, 10, 7, 7, 7, 9, 2
7, 10, 6, 8, 7, 8, 5
8, 10, 8, 8, 5, 8, 17
2, 50, 24, 26, 27, 28, 0
3, 50, 42, 42, 15, 42, 0
4, 50, 40, 40, 40, 38, 0
5, 50, 35, 39, 16, 43, 1
6, 50, 37, 36, 37, 38, 2
7, 50, 46, 49, 46, 46, 7
8, 50, 40, 42, 41, 38, 21
2, 100, 74, 100, 74, 100, 0
3, 100, 76, 89, 11, 82, 0
4, 100, 87, 100, 87, 100, 0
5, 100, 64, 79, 56, 64, 1
6, 100, 87, 89, 87, 88, 2
7, 100, 84, 88, 84, 91, 9
8, 100, 88, 90, 79, 87, 27
2, 500, 459, 459, 459, 449, 0
3, 500, 430, 430, 70, 391, 0
4, 500, 395, 442, 395, 426, 0
5, 500, 374, 455, 374, 439, 2
6, 500, 401, 413, 343, 365, 7
7, 500, 434, 476, 330, 461, 22
8, 500, 423, 442, 353, 431, 78
2, 10, 9, 9, 6, 7, 0
3, 10, 3, 5, 6, 5, 0
4, 10, 5, 7, 5, 7, 0
5, 10, 5, 7, 8, 8, 0
6, 10, 9, 9, 5, 10, 2
7, 10, 9, 8, 7, 9, 6
8, 10, 9, 9, 5, 7, 16
2, 50, 50, 50, 0, 50, 0
3, 50, 39, 46, 39, 43, 0
4, 50, 34, 40, 34, 38, 0
5, 50, 49, 49, 49, 45, 1
6, 50, 47, 47, 45, 45, 3
7, 50, 34, 36, 18, 33, 7
8, 50, 36, 38, 29, 39, 22
2, 100, 74, 74, 51, 65, 0
3, 100, 60, 73, 24, 73, 0
4, 100, 80, 82, 50, 75, 0
5, 100, 87, 87, 87, 82, 3
6, 100, 72, 73, 59, 80, 5
7, 100, 90, 91, 77, 88, 12
8, 100, 87, 98, 87, 91, 27
2, 500, 380, 500, 380, 500, 0
3, 500, 391, 438, 320, 418, 0
4, 500, 340, 419, 290, 387, 1
5, 500, 409, 409, 184, 387, 2
6, 500, 447, 447, 401, 423, 5
7, 500, 425, 451, 315, 425, 22
8, 500, 354, 425, 277, 407, 90
2, 10, 8, 8, 8, 9, 0
3, 10, 5, 7, 3, 5, 0
4, 10, 9, 9, 7, 8, 0
5, 10, 7, 8, 8, 6, 0
6, 10, 6, 5, 6, 7, 3
7, 10, 4, 7, 2, 6, 6
8, 10, 6, 6, 5, 7, 16
2, 50, 26, 36, 14, 36, 0
3, 50, 40, 40, 10, 33, 0
4, 50, 36, 37, 18, 40, 0
5, 50, 39, 40, 26, 37, 1
6, 50, 43, 43, 43, 36, 2
7, 50, 36, 43, 30, 42, 6
8, 50, 40, 40, 25, 40, 21
2, 100, 100, 100, 0, 100, 0
3, 100, 97, 97, 97, 91, 0
4, 100, 81, 79, 81, 75, 0
5, 100, 70, 74, 70, 62, 1
6, 100, 83, 86, 83, 81, 4
7, 100, 86, 94, 56, 89, 8
8, 100, 95, 95, 24, 94, 28
2, 500, 306, 348, 306, 305, 0
3, 500, 405, 450, 317, 430, 0
4, 500, 311, 352, 237, 293, 1
5, 500, 354, 412, 312, 386, 2
6, 500, 379, 424, 296, 390, 6
7, 500, 307, 372, 248, 337, 22
8, 500, 369, 402, 303, 367, 88
2, 10, 6, 6, 3, 9, 0
3, 10, 10, 10, 10, 10, 0
4, 10, 8, 8, 8, 5, 0
5, 10, 9, 10, 5, 10, 1
6, 10, 7, 6, 5, 5, 2
7, 10, 7, 7, 8, 8, 5
8, 10, 7, 7, 7, 7, 17
2, 50, 36, 36, 36, 44, 0
3, 50, 44, 46, 44, 42, 0
4, 50, 35, 42, 35, 39, 0
5, 50, 39, 39, 33, 35, 1
6, 50, 41, 46, 36, 43, 2
7, 50, 43, 43, 27, 49, 7
8, 50, 42, 46, 40, 41, 24
2, 100, 73, 73, 50, 59, 0
3, 100, 69, 79, 69, 64, 0
4, 100, 63, 82, 57, 71, 0
5, 100, 63, 70, 30, 69, 1
6, 100, 68, 72, 58, 56, 3
7, 100, 75, 84, 68, 73, 11
8, 100, 87, 85, 76, 86, 30
2, 500, 303, 303, 219, 269, 0
3, 500, 400, 400, 309, 355, 0
4, 500, 325, 363, 241, 314, 0
5, 500, 374, 420, 242, 393, 3
6, 500, 358, 364, 300, 314, 6
7, 500, 415, 437, 269, 426, 29
8, 500, 379, 408, 379, 368, 93
2, 10, 6, 10, 6, 10, 0
3, 10, 10, 10, 10, 10, 0
4, 10, 6, 6, 6, 9, 0
5, 10, 4, 8, 9, 9, 1
6, 10, 10, 10, 6, 8, 2
7, 10, 9, 9, 4, 8, 8
8, 10, 5, 9, 9, 10, 22
2, 50, 40, 44, 40, 42, 0
3, 50, 38, 38, 32, 32, 0
4, 50, 37, 44, 31, 40, 0
5, 50, 33, 37, 34, 35, 1
6, 50, 43, 43, 41, 44, 3
7, 50, 40, 41, 32, 36, 10
8, 50, 39, 39, 38, 39, 30
2, 100, 75, 75, 25, 67, 0
3, 100, 80, 89, 64, 78, 0
4, 100, 92, 93, 92, 93, 0
5, 100, 80, 81, 62, 83, 1
6, 100, 77, 83, 71, 79, 4
7, 100, 80, 79, 80, 84, 10
8, 100, 97, 100, 41, 100, 35
2, 500, 277, 387, 113, 351, 0
3, 500, 312, 336, 312, 273, 0
4, 500, 437, 500, 437, 500, 1
5, 500, 422, 436, 422, 403, 2
6, 500, 351, 462, 351, 436, 6
7, 500, 382, 401, 352, 362, 24
8, 500, 351, 383, 299, 352, 81
2, 10, 7, 7, 7, 4, 0
3, 10, 8, 8, 7, 10, 0
4, 10, 6, 6, 5, 6, 0
5, 10, 7, 7, 7, 10, 0
6, 10, 7, 8, 6, 8, 2
7, 10, 6, 6, 8, 6, 6
8, 10, 8, 7, 6, 8, 21
2, 50, 40, 40, 10, 30, 0
3, 50, 47, 50, 47, 50, 0
4, 50, 34, 41, 34, 42, 0
5, 50, 36, 44, 36, 43, 1
6, 50, 36, 38, 18, 39, 3
7, 50, 34, 41, 32, 34, 7
8, 50, 39, 40, 26, 40, 22
2, 100, 100, 100, 0, 100, 0
3, 100, 67, 82, 67, 77, 0
4, 100, 71, 75, 55, 68, 0
5, 100, 79, 92, 70, 89, 2
6, 100, 75, 86, 51, 82, 2
7, 100, 78, 85, 33, 81, 8
8, 100, 77, 85, 65, 74, 26
2, 500, 418, 468, 418, 456, 0
3, 500, 470, 470, 470, 465, 0
4, 500, 334, 404, 292, 394, 0
5, 500, 355, 389, 307, 356, 2
6, 500, 343, 392, 261, 343, 7
7, 500, 414, 447, 414, 416, 22
8, 500, 439, 461, 439, 433, 81
2, 10, 5, 8, 2, 5, 0
3, 10, 8, 7, 4, 6, 0
4, 10, 10, 10, 7, 10, 0
5, 10, 7, 7, 7, 8, 1
6, 10, 7, 8, 8, 9, 3
7, 10, 6, 10, 2, 8, 6
8, 10, 9, 10, 8, 8, 17
2, 50, 45, 45, 45, 42, 0
3, 50, 50, 50, 22, 50, 0
4, 50, 36, 42, 36, 42, 0
5, 50, 40, 41, 40, 40, 1
6, 50, 43, 47, 36, 40, 2
7, 50, 32, 36, 29, 33, 6
8, 50, 31, 30, 26, 36, 22
2, 100, 53, 76, 53, 67, 0
3, 100, 81, 90, 69, 91, 0
4, 100, 62, 79, 49, 60, 0
5, 100, 72, 73, 51, 66, 1
6, 100, 82, 94, 73, 89, 3
7, 100, 76, 80, 76, 71, 8
8, 100, 61, 65, 39, 59, 26
2, 500, 414, 453, 414, 446, 0
3, 500, 357, 398, 357, 332, 0
4, 500, 364, 448, 241, 437, 1
5, 500, 351, 401, 293, 370, 2
6, 500, 369, 412, 289, 383, 6
7, 500, 354, 415, 316, 354, 21
8, 500, 384, 433, 384, 412, 81
